,y,pred_1,pred_8,pred_200,pred_201,pred_202,pred_203,pred_204,pred_205,pred_206,pred_207,pred_208
0,130.81,k,o,0,0,1,0,0,0,0,0,0
1,88.53,k,o,0,0,1,0,0,0,0,0,0
2,76.26,az,x,0,0,1,0,0,0,0,0,0
3,80.62,az,e,0,0,1,0,0,0,0,0,0
4,78.02,az,n,0,0,1,0,0,0,0,0,0
5,92.93,t,s,0,0,1,0,0,0,0,0,0
6,128.76,al,s,0,0,1,0,0,0,0,0,0
7,91.91,o,a,0,0,1,0,0,0,0,0,0
8,108.67,w,h,0,0,1,0,0,0,0,0,0
9,126.99,j,e,0,0,1,0,1,0,0,0,0
10,102.09,h,p,0,0,1,0,0,0,0,0,0
11,98.12,al,o,0,0,1,0,0,0,0,0,0
12,82.62,s,m,0,1,0,0,0,0,0,0,1
13,94.12,al,o,0,0,1,0,0,0,0,0,0
14,99.15,o,m,0,0,1,0,0,0,0,0,0
15,93.64,n,k,0,0,1,0,0,0,0,0,0
16,106.1,al,o,0,0,1,0,0,0,0,0,0
17,114.13,ay,d,0,0,0,0,0,0,0,0,0
18,89.81,f,e,0,0,1,0,0,0,0,0,0
19,90.81,n,s,0,0,1,0,0,0,0,0,0
20,90.56,f,i,0,0,1,0,0,0,0,0,0
21,94.57,t,s,0,0,1,0,0,0,0,0,0
22,108.14,x,o,0,0,1,0,0,0,0,0,0
23,120.77,x,n,0,0,1,0,0,0,0,0,0
24,84.84,y,s,0,0,1,0,0,0,0,0,0
25,93.59,o,v,0,0,1,0,0,0,0,0,0
26,104.07,aj,j,0,0,1,0,0,0,0,0,0
27,89.37,t,b,0,0,1,0,0,0,0,0,0
28,90.08,f,q,0,0,1,0,0,0,0,0,0
29,128.19,x,n,0,0,1,0,0,0,0,0,0
30,76.01,az,n,0,0,1,0,0,0,0,0,0
31,107.86,w,w,0,0,1,0,0,0,0,0,0
32,106.87,x,n,0,0,1,0,0,0,0,0,0
33,104.85,o,v,0,0,1,0,0,0,0,0,0
34,114.78,ak,b,0,0,1,0,0,0,0,0,0
35,91.56,am,o,0,0,1,0,0,0,0,0,1
36,98.16,aj,j,0,0,1,0,0,0,0,0,0
37,117.31,j,j,0,0,1,0,0,0,0,0,0
38,79.0,az,n,0,0,1,0,0,0,0,0,0
39,110.76,w,k,0,0,0,0,0,0,0,0,0
40,101.44,aj,n,0,0,1,0,0,0,0,0,0
41,91.98,o,b,0,0,1,0,0,0,0,0,0
42,98.08,z,j,0,0,1,0,0,0,0,0,1
43,139.2,w,q,0,0,1,0,0,0,0,0,0
44,85.44,s,b,0,0,1,0,0,0,0,0,1
45,110.52,x,n,0,0,1,0,0,0,0,0,0
46,91.44,al,g,0,0,1,0,0,0,0,0,1
47,91.52,s,o,0,0,1,0,0,0,0,0,0
48,91.59,q,y,0,0,1,0,0,0,0,0,0
49,108.0,at,i,0,0,1,0,0,0,0,0,1
50,116.59,w,e,0,0,1,0,0,0,0,0,0
51,93.81,al,o,0,0,1,0,0,0,0,0,0
52,119.44,ap,h,0,1,0,0,0,0,0,0,0
53,91.57,y,k,0,0,1,0,0,0,0,0,0
54,97.24,ay,b,0,0,1,0,0,0,0,0,0
55,90.11,o,a,0,0,1,0,0,0,0,0,0
56,94.83,ay,l,0,0,1,0,0,0,0,0,0
57,108.42,w,s,0,0,1,0,0,0,0,0,0
58,95.57,y,l,0,0,1,0,0,0,0,0,1
59,88.82,f,a,0,0,1,0,0,0,0,0,0
60,104.78,ay,v,0,0,1,0,0,0,0,0,0
61,87.75,y,k,0,0,1,0,0,0,0,0,0
62,93.27,y,b,0,0,1,0,0,0,0,0,0
63,111.74,ak,v,0,0,1,0,0,0,0,0,0
64,109.76,x,j,0,0,1,0,0,0,0,0,0
65,84.15,az,f,0,0,1,0,0,0,0,0,0
66,93.67,s,f,0,0,1,0,0,0,0,0,1
67,107.72,w,u,0,0,1,0,0,0,0,0,0
68,90.87,z,r,0,0,1,0,0,0,0,0,0
69,118.24,aj,a,0,0,1,0,0,0,0,0,0
70,89.91,t,t,0,0,1,0,0,0,0,0,0
71,113.4,ak,a,0,0,1,0,0,0,0,0,0
72,118.53,y,l,0,0,1,0,0,0,0,0,1
73,79.03,az,o,0,0,1,0,0,0,0,0,0
74,92.47,t,b,0,0,1,0,0,0,0,0,0
75,100.98,v,a,0,0,1,0,0,0,0,0,0
76,114.76,o,b,0,0,1,0,0,0,0,0,0
77,111.15,x,j,0,0,1,0,0,0,0,0,0
78,108.57,w,l,0,0,1,0,0,0,0,0,0
79,93.03,al,o,0,0,1,0,0,0,0,0,0
80,93.12,s,b,0,0,1,0,0,0,0,0,0
81,113.31,af,h,0,0,1,0,0,0,0,0,0
82,94.27,o,a,0,0,1,0,0,0,0,0,0
83,102.31,ay,k,0,0,0,0,0,0,0,0,0
84,101.59,f,e,0,0,1,0,0,0,0,0,0
85,110.37,j,j,0,0,1,0,0,0,0,0,0
86,98.84,aj,x,0,0,1,0,0,0,0,0,0
87,101.98,z,r,0,0,1,0,0,0,0,0,1
88,96.96,o,m,0,0,1,0,0,0,0,0,0
89,90.8,n,t,0,0,1,0,0,0,0,0,0
90,110.98,x,n,0,0,1,0,0,0,0,0,0
91,73.7,az,q,0,0,1,0,0,0,0,0,0
92,111.42,a,a,0,0,1,0,0,0,0,0,0
93,98.91,f,e,0,0,1,0,0,0,0,0,0
94,106.46,x,s,0,0,1,0,0,0,0,0,0
95,115.43,x,n,0,0,1,0,0,0,0,0,0
96,91.94,n,n,0,0,1,0,0,0,0,0,0
97,108.37,x,s,0,0,1,0,0,0,0,0,0
98,127.66,x,n,0,0,1,0,0,0,0,0,0
99,93.62,f,a,0,0,1,0,0,0,0,0,0
100,106.67,x,n,0,0,1,0,0,0,0,0,0
101,96.06,y,x,0,0,1,0,0,0,0,0,0
102,92.5,y,k,0,0,1,0,0,0,0,0,0
103,92.35,y,i,0,0,0,0,0,0,0,0,0
104,102.97,f,a,0,0,1,0,0,0,0,0,0
105,109.43,x,r,0,0,1,0,0,0,0,0,0
106,106.31,x,n,0,0,1,0,0,0,0,0,0
107,87.15,e,l,0,0,1,0,0,0,0,0,0
108,107.83,ai,n,0,0,1,0,0,0,0,0,1
109,112.75,af,x,0,1,0,0,0,0,0,0,0
110,89.49,y,l,0,0,1,0,0,0,0,0,1
111,126.17,ak,p,0,0,1,0,0,0,0,0,0
112,100.38,aj,j,0,0,1,0,0,0,0,0,0
113,95.42,y,f,0,0,1,0,0,0,0,0,0
114,112.39,w,m,0,0,1,0,0,0,0,0,0
115,92.7,z,s,0,0,1,0,0,0,0,0,0
116,88.78,z,r,0,0,1,0,0,0,0,0,0
117,105.15,aj,j,0,0,1,0,0,0,0,0,0
118,118.74,ak,a,0,0,1,0,0,0,0,0,0
119,116.61,ak,j,0,0,1,0,0,0,0,0,0
120,90.99,al,q,0,0,1,0,0,0,0,0,0
121,113.28,d,f,0,0,1,0,1,0,0,0,0
122,101.43,f,b,0,0,1,0,0,0,0,0,0
123,113.69,x,n,0,0,1,0,0,0,0,0,0
124,87.09,y,n,0,0,1,0,0,0,0,0,1
125,116.73,ak,i,0,0,1,0,0,0,0,0,0
126,89.02,t,k,0,0,1,0,0,0,0,0,0
127,102.52,v,p,0,0,1,0,0,0,0,0,0
128,98.68,t,s,0,0,1,0,0,0,0,0,0
129,91.24,y,h,0,0,1,0,0,0,0,0,0
130,96.88,al,o,0,0,1,0,0,0,0,0,0
131,90.54,k,j,0,0,1,0,0,0,0,0,0
132,110.96,x,w,0,0,1,0,0,0,0,0,0
133,88.92,y,r,0,0,1,0,0,0,0,0,0
134,92.36,t,j,0,0,1,0,0,0,0,0,1
135,102.46,aj,m,0,0,1,0,0,0,0,0,0
136,89.23,t,b,0,0,1,0,0,0,0,0,0
137,110.02,w,p,0,0,1,0,0,0,0,0,0
138,96.78,ay,k,0,0,0,0,0,0,0,0,0
139,101.66,ay,k,0,0,1,0,0,0,0,0,0
140,87.26,f,a,0,0,1,0,0,0,0,0,0
141,111.55,j,d,0,0,1,0,1,0,0,0,0
142,88.1,o,x,0,0,1,0,0,0,0,0,0
143,101.07,ay,n,0,0,0,0,1,0,0,0,0
144,96.41,f,w,0,0,1,0,0,0,0,0,0
145,92.74,o,v,0,0,1,0,0,0,0,0,0
146,112.44,x,s,0,0,1,0,0,0,0,0,0
147,105.74,x,w,0,0,1,0,0,0,0,0,0
148,89.1,n,w,0,0,1,0,0,0,0,0,0
149,108.97,x,m,0,0,1,0,0,0,0,0,0
150,87.65,t,n,0,0,1,0,0,1,0,0,0
151,116.08,ak,u,0,0,1,0,0,0,0,0,0
152,108.84,j,e,0,0,1,0,0,0,0,0,0
153,94.75,n,k,0,0,1,0,0,0,0,0,0
154,94.92,o,f,0,0,1,0,0,0,0,0,0
155,106.44,ay,k,0,0,0,0,0,0,0,0,0
156,108.87,x,c,0,0,1,0,0,0,0,0,0
157,90.68,aq,w,0,1,0,0,0,0,0,0,0
158,104.08,x,s,0,0,1,0,0,0,0,0,0
159,109.69,w,e,0,0,1,0,0,0,1,0,0
160,90.27,o,j,0,0,1,0,0,0,0,0,0
161,105.77,ay,a,0,0,1,0,0,0,0,0,0
162,94.17,t,o,0,0,1,0,0,0,0,0,0
163,97.33,d,i,0,0,1,0,0,0,0,0,0
164,90.33,t,r,0,0,1,0,0,0,0,0,1
165,105.87,ak,r,0,0,1,0,0,0,0,0,0
166,98.25,z,o,0,0,1,0,0,0,0,0,0
167,106.14,ak,b,0,0,1,0,0,0,0,0,0
168,90.17,y,k,0,0,1,0,0,0,0,0,0
169,110.91,w,e,0,0,1,0,0,0,0,0,0
170,108.25,ak,f,0,0,1,0,0,0,0,0,0
171,98.16,n,k,0,0,1,0,0,0,0,0,0
172,113.17,x,w,0,0,1,0,1,0,0,0,0
173,90.03,n,y,0,0,1,0,0,0,0,0,0
174,100.85,d,i,0,0,1,0,0,0,0,0,0
175,89.48,t,i,0,0,1,0,0,0,0,0,0
176,116.65,ak,p,0,1,0,0,0,0,0,0,0
177,99.06,v,r,0,0,1,0,0,0,0,0,0
178,94.02,t,b,0,0,1,0,0,0,0,0,0
179,110.55,at,q,0,0,1,0,1,0,0,0,0
180,94.8,f,i,0,0,1,0,0,0,0,0,0
181,105.47,ay,f,0,0,1,0,0,0,0,0,0
182,91.5,o,v,0,0,1,0,0,0,0,0,0
183,87.44,t,s,0,0,1,0,0,0,0,0,0
184,79.09,az,l,0,0,1,0,0,0,0,0,0
185,89.67,t,y,0,1,0,0,0,0,0,0,1
186,121.15,ak,i,0,0,1,0,0,0,0,0,0
187,97.81,z,o,0,0,1,0,0,0,0,0,0
188,99.08,aj,r,0,0,1,0,0,0,0,0,0
189,87.79,y,t,0,0,1,0,0,0,0,0,0
190,119.76,c,p,0,1,0,0,0,0,0,0,0
191,90.01,o,v,0,0,1,0,0,0,0,0,0
192,98.96,d,i,0,0,1,0,0,0,0,0,0
193,90.54,t,j,0,0,1,0,0,0,0,0,1
194,108.28,w,n,0,0,1,0,0,0,0,0,0
195,88.1,y,c,0,0,1,0,0,0,0,0,0
196,116.2,ak,b,0,0,1,0,0,0,0,0,0
197,90.88,ai,j,0,0,1,0,0,0,0,0,1
198,87.65,n,e,0,0,1,0,0,0,0,0,0
199,94.61,f,u,0,0,1,0,0,0,0,0,0
200,96.16,t,c,0,0,1,0,0,0,0,0,0
201,117.03,ak,u,0,0,1,0,0,0,0,0,0
202,91.23,s,s,0,0,1,0,0,0,0,0,0
203,136.41,w,w,0,0,1,0,0,0,0,0,0
204,91.02,z,o,0,0,1,0,0,0,0,0,0
205,102.89,aj,m,0,0,1,0,0,0,0,0,0
206,110.53,ak,r,0,0,1,0,0,0,0,0,0
207,102.6,t,y,0,1,0,0,0,0,0,0,1
208,77.36,az,l,0,0,1,0,0,0,0,0,0
209,113.11,ak,e,0,0,1,0,0,0,0,0,0
210,88.39,s,s,0,0,1,0,0,0,0,0,0
211,108.85,j,i,0,0,1,0,0,0,0,0,0
212,90.79,o,v,0,0,1,0,0,0,0,0,0
213,98.28,ay,o,0,0,1,0,0,0,0,0,0
214,109.11,h,a,0,0,1,0,0,0,0,0,0
215,88.82,o,j,0,0,1,0,0,0,0,0,0
216,146.83,x,l,0,0,1,0,0,0,0,0,0
217,102.58,h,u,0,0,1,0,0,0,0,0,0
218,115.67,v,f,0,0,1,0,0,0,0,0,0
219,90.54,n,w,0,0,1,0,0,0,0,0,0
220,87.66,k,j,0,0,1,0,0,0,0,0,0
221,115.25,ay,r,0,0,1,0,0,0,0,0,0
222,106.87,ay,k,0,0,0,0,0,0,0,0,0
223,128.78,af,p,0,0,1,0,0,0,0,0,0
224,89.86,y,y,0,0,1,0,0,0,0,0,0
225,132.1,w,e,0,0,1,0,0,0,0,0,0
226,90.73,z,k,0,0,1,0,0,0,0,0,0
227,134.43,aa,v,0,0,1,0,0,0,0,0,0
228,104.16,z,o,0,0,1,0,0,0,0,0,0
229,97.42,z,n,0,0,1,0,0,0,0,0,1
230,99.05,ba,m,0,0,1,0,0,0,0,0,0
231,91.16,z,a,0,0,1,0,0,0,0,0,0
232,103.98,d,i,0,0,1,0,0,0,0,0,0
233,100.29,ay,w,0,0,1,0,0,0,0,0,0
234,99.35,o,i,0,0,1,0,0,0,0,0,0
235,106.19,x,w,0,0,1,0,0,0,0,0,0
236,109.3,d,i,0,0,1,0,0,0,0,0,0
237,108.46,w,y,0,0,1,0,0,0,0,0,0
238,118.45,ba,c,0,1,0,0,0,0,0,0,1
239,101.26,aj,e,0,1,0,0,0,0,0,0,0
240,116.5,v,q,0,0,1,0,0,0,0,0,0
241,88.21,t,a,0,0,1,0,0,0,0,0,0
242,114.46,ap,w,0,1,0,0,0,0,0,0,0
243,96.97,o,f,0,0,1,0,0,0,0,0,0
244,97.91,f,j,0,0,1,0,0,0,0,0,0
245,108.43,x,s,0,0,1,0,0,0,0,0,0
246,90.38,n,t,0,0,1,0,0,0,0,0,0
247,90.19,n,g,0,0,1,0,0,0,0,0,0
248,122.69,w,r,0,0,1,0,0,0,0,0,0
249,90.47,y,f,0,0,1,0,0,0,0,0,1
250,110.56,ak,v,0,0,1,0,0,0,0,0,0
251,91.01,y,c,0,0,1,0,0,0,0,0,0
252,122.24,ak,t,0,0,1,0,0,0,0,0,0
253,150.43,t,x,0,0,1,0,0,0,0,0,0
254,90.82,z,w,0,0,1,0,0,0,0,0,0
255,100.98,ay,e,0,1,0,0,0,0,0,0,1
256,89.85,o,r,0,0,1,0,0,0,0,0,0
257,107.9,j,l,0,0,1,0,0,0,0,0,0
258,90.92,t,b,0,0,1,0,0,0,0,0,0
259,109.1,ak,n,0,0,1,0,0,0,0,0,0
260,112.38,ap,h,0,1,0,0,0,0,0,0,0
261,88.42,y,w,0,0,1,0,0,0,0,0,0
262,87.58,z,v,0,0,1,0,0,0,0,0,1
263,106.4,ak,e,0,0,1,0,0,0,0,0,0
264,89.81,s,k,0,0,1,0,0,0,0,0,1
265,91.22,z,w,0,0,1,0,0,0,0,0,0
266,76.64,az,n,0,0,1,0,0,0,0,0,0
267,111.75,w,m,0,0,1,0,0,0,0,0,0
268,95.04,y,t,0,0,1,0,0,0,0,0,0
269,111.31,ak,d,0,0,1,0,0,0,0,0,0
270,92.23,y,u,0,0,1,0,0,0,0,0,0
271,111.77,ap,n,0,1,0,0,0,0,0,0,0
272,121.19,x,o,0,0,1,0,0,0,0,0,0
273,99.56,d,c,0,0,1,0,0,0,0,0,0
274,89.4,z,a,0,0,1,0,0,0,0,0,0
275,90.93,y,w,0,0,1,0,0,0,0,0,1
276,112.54,ak,y,0,0,1,0,0,0,0,0,0
277,99.05,z,o,0,0,1,0,0,0,0,0,0
278,108.75,v,v,0,0,1,0,0,0,0,0,0
279,104.56,ba,k,0,0,1,0,0,1,0,0,0
280,92.94,f,i,0,0,1,0,0,0,0,0,0
281,89.94,o,j,0,0,1,0,0,0,0,0,0
282,102.06,s,c,0,0,1,0,0,0,0,0,0
283,108.31,w,x,0,0,0,0,0,0,0,0,0
284,110.21,ak,r,0,0,1,0,0,0,0,0,0
285,88.45,s,h,0,1,0,0,0,0,0,0,1
286,87.05,y,w,0,0,1,0,0,0,0,0,1
287,89.59,n,h,0,0,1,0,0,0,0,0,0
288,109.94,w,v,0,0,1,0,0,0,0,0,0
289,95.99,f,w,0,0,1,0,0,0,0,0,0
290,119.51,d,j,0,0,1,0,0,0,0,0,0
291,105.23,z,a,0,0,1,0,0,0,0,0,0
292,104.32,aj,e,0,0,1,0,0,0,0,0,0
293,91.26,t,w,0,0,1,0,0,0,0,0,0
294,76.59,az,n,0,0,1,0,0,0,0,0,0
295,87.25,z,u,0,1,0,0,0,0,0,0,1
296,90.52,f,i,0,0,1,0,0,0,0,0,0
297,92.62,o,a,0,0,1,0,0,0,0,0,0
298,114.34,j,r,0,0,1,0,1,0,0,0,0
299,108.43,ak,l,0,0,1,0,0,0,0,0,0
300,117.52,ak,y,0,0,1,0,0,0,0,0,0
301,94.95,y,u,0,1,0,0,0,0,0,0,1
302,90.67,t,r,0,0,1,0,0,0,0,0,1
303,90.39,y,b,0,0,1,0,0,0,0,0,1
304,89.03,t,s,0,0,1,0,0,0,0,0,0
305,107.67,d,i,0,0,1,0,0,0,0,0,0
306,91.82,n,e,0,0,1,0,0,0,0,0,0
307,111.08,ap,u,0,0,1,0,0,0,0,0,0
308,89.44,z,a,0,0,1,0,0,0,0,0,0
309,99.48,aj,n,0,0,1,0,0,0,0,0,0
310,94.85,ai,j,0,0,1,0,0,1,0,0,0
311,99.82,f,i,0,0,1,0,0,0,0,0,0
312,91.65,o,k,0,0,1,0,0,0,0,0,0
313,89.41,s,w,0,0,1,0,0,0,0,0,1
314,89.17,y,f,0,0,1,0,0,0,0,0,1
315,88.59,z,m,0,0,1,0,0,0,0,0,0
316,107.45,as,e,0,1,0,0,0,0,0,0,0
317,85.76,s,w,0,0,1,0,0,0,0,0,1
318,113.98,i,l,0,0,0,0,0,0,0,0,0
319,87.81,n,b,0,0,1,0,0,0,0,0,0
320,113.36,x,o,0,0,1,0,0,0,0,0,0
321,74.0,az,s,0,0,1,0,0,0,0,0,0
322,92.92,t,f,0,0,1,0,0,0,0,0,0
323,106.06,w,q,0,0,1,0,0,0,0,0,0
324,91.96,z,d,0,0,0,0,0,0,0,0,0
325,102.7,aj,w,0,0,1,0,0,0,0,0,0
326,90.27,s,y,0,0,1,0,0,0,0,0,0
327,100.56,aj,d,0,0,1,0,0,0,0,0,0
328,89.05,t,n,0,0,1,0,0,0,0,0,1
329,120.18,w,w,0,0,1,0,0,0,0,0,0
330,86.98,y,y,0,0,1,0,0,0,0,0,0
331,110.49,af,q,0,0,1,0,0,0,0,0,0
332,93.08,t,v,0,0,1,0,0,0,0,0,0
333,112.49,ap,u,0,0,1,0,0,0,0,0,0
334,94.12,t,a,0,0,1,0,0,0,0,0,0
335,88.69,z,o,0,0,1,0,0,0,0,0,0
336,104.38,aj,b,0,0,1,0,0,0,0,0,0
337,115.07,w,j,0,0,1,0,0,0,0,0,0
338,92.03,s,k,0,0,1,0,0,0,0,0,1
339,106.97,ak,b,0,0,1,0,0,0,0,0,0
340,116.04,af,q,0,0,1,0,0,0,0,0,0
341,91.63,z,j,0,0,1,0,0,0,0,0,1
342,169.91,aa,d,0,0,1,0,0,0,0,0,0
343,103.67,ak,u,0,0,1,0,0,0,0,0,0
344,98.52,t,w,0,0,1,0,0,0,0,0,0
345,109.48,ay,f,0,0,1,0,0,0,0,0,0
346,96.03,n,t,0,0,1,0,0,0,0,0,0
347,107.16,j,i,0,0,0,0,0,0,0,0,0
348,94.09,y,v,0,0,1,0,0,0,0,0,1
349,87.27,n,t,0,0,1,0,0,0,0,0,0
350,105.35,x,o,0,0,1,0,0,0,0,0,0
351,97.75,d,i,0,0,1,0,0,0,0,0,0
352,104.74,ay,k,0,0,0,0,0,0,0,0,0
353,91.62,y,n,0,0,1,0,0,0,0,0,0
354,115.5,w,f,0,0,0,0,0,0,0,0,0
355,102.66,aj,g,0,0,1,0,0,0,0,0,0
356,92.48,z,o,0,0,1,0,0,0,0,0,0
357,99.05,z,g,0,0,1,0,0,0,0,0,0
358,102.0,aj,l,0,0,0,0,0,0,0,0,0
359,100.32,v,i,0,0,1,0,0,0,0,0,0
360,74.28,az,s,0,0,1,0,0,0,0,0,0
361,112.35,j,e,0,0,1,0,0,0,0,0,0
362,92.58,f,e,0,0,1,0,0,0,0,0,0
363,116.59,j,i,0,0,0,0,0,0,0,0,0
364,100.64,f,a,0,0,1,0,0,0,0,0,0
365,95.38,n,g,0,0,1,0,0,0,0,0,0
366,84.65,n,l,0,0,1,0,0,0,0,0,0
367,112.67,x,c,0,0,1,0,0,0,0,0,0
368,73.34,az,f,0,0,1,0,0,0,0,0,0
369,94.11,t,o,0,0,1,0,0,1,0,0,0
370,95.13,n,t,0,0,1,0,0,0,0,0,0
371,108.43,x,s,0,0,1,0,0,0,0,0,0
372,89.23,f,a,0,0,1,0,0,0,0,0,0
373,112.19,ap,n,0,1,0,0,0,0,0,0,0
374,91.02,f,j,0,0,1,0,0,0,0,0,0
375,108.27,j,a,0,0,1,0,0,0,0,0,1
376,87.9,n,o,0,0,1,0,0,0,0,0,0
377,109.16,at,t,0,0,1,0,1,0,0,0,0
378,99.48,f,a,0,0,1,0,0,0,0,0,0
379,110.35,j,p,0,0,1,0,0,0,0,0,0
380,91.53,f,u,0,0,1,0,0,0,0,0,0
381,106.63,x,o,0,0,1,0,0,0,0,0,0
382,88.79,n,s,0,0,1,0,0,0,0,0,0
383,98.24,t,a,0,0,1,0,0,0,0,0,0
384,109.99,ak,u,0,0,1,0,0,0,0,0,0
385,107.74,w,m,0,0,1,0,0,0,0,0,0
386,109.73,ak,m,0,0,1,0,0,0,0,0,0
387,91.04,y,u,0,1,0,0,0,0,0,0,1
388,95.1,e,m,0,0,1,0,0,0,0,0,0
389,105.21,x,s,0,0,1,0,0,0,0,0,0
390,87.51,o,v,0,0,1,0,0,0,0,0,0
391,99.7,aj,k,0,0,1,0,0,0,0,0,0
392,91.44,y,s,0,0,1,0,0,0,0,0,0
393,122.47,as,s,0,1,0,0,0,0,0,0,0
394,97.76,y,r,0,0,1,0,0,0,0,0,1
395,88.07,f,h,0,0,1,0,0,0,0,0,0
396,105.85,o,i,0,0,1,0,0,0,0,0,0
397,117.49,d,i,0,0,1,0,0,0,0,0,0
398,97.69,o,u,0,0,1,0,0,0,0,0,0
399,92.91,f,i,0,0,1,0,0,0,0,0,0
400,77.14,az,l,0,0,1,0,0,0,0,0,0
401,91.21,s,x,0,0,1,0,0,0,0,0,0
402,107.76,ak,u,0,0,1,0,0,0,0,0,0
403,93.98,ba,f,0,0,1,0,1,0,0,0,0
404,97.36,aj,j,0,0,1,0,0,0,0,0,0
405,102.49,z,w,0,0,1,0,0,0,0,0,0
406,112.46,aj,q,0,0,1,0,0,0,0,0,0
407,114.61,af,i,0,0,1,0,0,0,0,0,0
408,108.93,x,j,0,0,1,0,0,0,0,0,0
409,88.58,n,t,0,0,1,0,0,0,0,0,0
410,111.92,x,s,0,0,1,0,0,0,0,0,0
411,94.51,f,e,0,0,1,0,0,0,0,0,0
412,100.39,ay,e,0,0,1,0,0,0,0,0,0
413,90.87,f,a,0,0,1,0,0,0,0,0,0
414,93.21,z,o,0,0,1,0,0,0,0,0,0
415,116.16,z,n,0,0,1,0,0,0,0,0,1
416,108.08,ak,e,0,0,1,0,0,0,0,0,0
417,98.01,o,v,0,0,1,0,0,0,0,0,0
418,90.84,f,d,0,0,1,0,0,0,0,0,0
419,93.67,n,t,0,0,1,0,0,0,0,0,0
420,136.47,x,q,0,0,1,0,0,0,0,0,0
421,77.31,az,l,0,0,1,0,0,0,0,0,0
422,103.46,y,p,0,0,1,0,0,0,0,0,0
423,107.37,ak,q,0,0,1,0,0,0,0,0,0
424,88.99,t,p,0,0,1,0,0,0,0,0,0
425,128.05,ak,j,0,0,1,0,0,0,0,0,0
426,112.66,w,g,0,0,1,0,0,0,0,0,0
427,90.16,y,u,0,0,1,0,0,0,0,0,0
428,92.2,t,j,0,0,1,0,0,0,0,0,0
429,154.87,ak,w,0,0,1,0,0,0,0,0,0
430,94.14,y,f,0,0,1,0,0,0,0,0,1
431,111.7,r,v,0,1,0,0,0,0,0,0,0
432,89.99,z,p,0,1,0,0,0,0,0,0,1
433,98.45,ay,n,0,0,1,0,0,0,0,0,0
434,88.72,o,j,0,0,1,0,0,0,0,0,0
435,99.98,n,a,0,0,1,0,0,0,0,0,0
436,103.98,x,s,0,0,1,0,0,0,0,0,0
437,108.19,x,v,0,0,1,0,0,0,0,0,0
438,110.1,ak,d,0,0,1,0,0,0,0,0,0
439,93.14,o,b,0,0,1,0,0,0,0,0,0
440,100.21,o,n,0,0,1,0,0,0,0,0,0
441,88.91,t,b,0,0,1,0,0,0,0,0,0
442,85.97,y,s,0,0,1,0,0,0,0,0,1
443,122.45,ak,q,0,0,1,0,0,0,0,0,0
444,112.2,w,y,0,0,1,0,0,0,0,0,0
445,106.16,w,q,0,0,1,0,0,0,0,0,0
446,89.66,n,t,0,0,1,0,0,0,0,0,0
447,90.41,o,b,0,0,1,0,0,0,0,0,0
448,101.42,ay,g,0,0,0,0,0,0,0,0,0
449,89.52,z,o,0,0,1,0,0,0,0,0,0
450,111.74,v,u,0,0,1,0,0,0,0,0,0
451,91.45,ai,l,0,0,1,0,0,0,0,0,0
452,77.69,az,u,0,0,1,0,1,0,0,0,0
453,117.81,x,r,0,0,1,0,0,0,0,0,0
454,87.97,o,v,0,0,1,0,0,0,0,0,0
455,99.17,h,c,0,0,0,0,0,0,0,0,0
456,93.59,z,o,0,0,1,0,0,0,0,0,0
457,104.07,ay,k,0,0,0,0,0,0,0,0,0
458,98.57,ay,m,0,0,1,0,0,0,0,0,0
459,101.19,o,j,0,0,1,0,0,0,0,0,0
460,108.24,ay,r,0,0,1,0,0,0,0,0,0
461,90.06,aq,j,0,1,0,0,0,0,0,0,0
462,92.79,o,o,0,0,1,0,0,0,0,0,0
463,100.95,ay,r,0,0,1,0,0,0,0,0,0
464,90.76,f,e,0,0,1,0,0,0,0,0,0
465,119.99,ay,k,0,0,1,0,0,0,0,0,0
466,78.25,az,j,0,0,1,0,0,0,0,0,0
467,110.63,ay,r,0,0,1,0,0,0,0,0,0
468,87.28,f,a,0,0,1,0,0,0,0,0,0
469,89.1,o,b,0,0,1,0,0,0,0,0,0
470,95.6,z,n,0,0,1,0,0,0,0,0,0
471,108.85,w,a,0,0,1,0,0,0,0,0,0
472,88.47,y,x,0,0,1,0,0,0,0,0,0
473,110.33,ak,h,0,0,1,0,0,0,0,0,0
474,87.65,s,c,0,0,1,0,0,0,0,0,0
475,89.75,z,f,0,0,1,0,0,0,0,0,0
476,113.87,s,u,0,0,1,0,0,0,0,0,0
477,108.53,w,w,0,0,1,0,0,0,0,0,0
478,96.48,y,j,0,0,1,0,0,0,0,0,0
479,94.88,ba,w,0,0,1,0,1,0,0,0,0
480,111.47,w,b,0,0,1,0,0,0,0,0,0
481,116.6,ap,w,0,1,0,0,0,0,0,0,0
482,103.54,e,y,0,0,1,0,0,0,0,0,0
483,107.86,j,i,0,0,0,0,0,0,0,0,0
484,118.83,w,w,0,0,1,0,0,0,0,0,0
485,87.28,y,f,0,0,1,0,0,0,0,0,1
486,129.0,af,q,0,0,1,0,0,0,0,0,0
487,92.38,z,v,0,0,1,0,0,0,0,0,0
488,107.35,ak,y,0,0,1,0,0,0,0,0,0
489,94.65,z,g,0,0,1,0,0,0,0,0,0
490,118.18,ay,v,0,0,1,0,0,0,0,0,0
491,116.34,j,i,0,0,0,0,0,0,0,0,0
492,99.94,n,w,0,0,1,0,0,0,0,0,0
493,101.02,o,v,0,0,1,0,0,0,0,0,0
494,91.99,n,e,0,0,1,0,0,0,0,0,0
495,97.47,t,m,0,0,1,0,0,0,0,0,0
496,112.42,w,g,0,0,1,0,0,0,0,0,0
497,110.2,a,e,0,0,1,0,0,0,0,0,0
498,93.41,s,d,0,1,0,0,0,0,0,0,1
499,113.88,ak,n,0,0,1,0,0,0,0,0,0
500,92.88,n,t,0,0,1,0,0,0,0,0,0
501,107.68,z,v,0,0,1,0,0,0,0,0,1
502,88.57,t,o,0,0,1,0,0,0,0,0,0
503,90.03,z,j,0,0,1,0,0,0,0,0,1
504,112.59,w,b,0,0,1,0,0,0,0,0,0
505,101.11,aj,e,0,0,1,0,0,0,0,0,0
506,93.02,z,j,0,0,1,0,0,0,0,0,1
507,88.06,y,w,0,0,1,0,0,0,0,0,1
508,99.51,aj,x,0,0,1,0,0,0,0,0,0
509,90.77,b,l,0,1,0,0,0,0,0,0,1
510,89.79,y,n,0,0,1,0,0,0,0,0,1
511,79.99,az,j,0,0,1,0,0,0,0,0,0
512,93.4,o,v,0,0,1,0,0,0,0,0,0
513,113.68,aj,q,0,0,1,0,0,0,0,0,0
514,94.35,z,r,0,0,1,0,0,0,0,0,1
515,116.87,aj,w,0,0,1,0,0,0,0,0,0
516,112.94,ap,p,0,1,0,0,0,0,0,0,0
517,92.4,y,l,0,1,0,0,0,0,0,0,1
518,107.12,ak,y,0,0,1,0,0,0,0,0,0
519,100.42,t,o,0,0,1,0,0,1,0,0,0
520,87.63,z,q,0,1,0,0,0,0,0,0,1
521,91.02,t,w,0,0,1,0,0,0,0,0,0
522,87.53,n,e,0,0,1,0,0,0,0,0,0
523,134.26,at,o,0,0,1,0,1,0,0,0,0
524,106.59,ax,j,0,0,1,0,0,0,0,0,0
525,121.64,ak,r,0,0,1,0,0,0,0,0,0
526,104.73,ay,r,0,0,1,0,0,0,0,0,0
527,90.46,o,o,0,0,1,0,0,0,0,0,0
528,88.98,s,b,0,0,1,0,0,0,0,0,1
529,116.03,ap,h,0,1,0,0,0,0,0,0,0
530,90.34,o,m,0,0,1,0,0,0,0,0,0
531,101.97,ay,g,0,0,1,0,0,0,0,0,0
532,104.25,ay,r,0,0,1,0,0,0,0,0,0
533,93.74,y,g,0,0,1,0,0,0,0,0,1
534,94.44,aq,m,0,0,1,0,0,0,0,0,0
535,102.33,d,i,0,0,1,0,0,0,0,0,0
536,100.07,o,v,0,0,1,0,0,0,0,0,0
537,101.66,ay,b,0,0,1,0,0,0,0,0,0
538,99.55,ay,k,0,0,0,0,0,0,0,0,0
539,113.4,x,s,0,0,1,0,0,0,0,0,0
540,97.17,z,o,0,0,1,0,0,0,0,0,0
541,109.67,ak,i,0,0,1,0,0,0,0,0,0
542,109.16,ak,r,0,0,1,0,0,0,0,0,0
543,106.5,ay,g,0,0,0,0,0,0,0,0,0
544,111.15,i,p,0,0,0,0,0,0,0,0,0
545,92.83,t,i,0,0,1,0,0,0,0,0,0
546,97.57,z,o,0,0,1,0,0,0,0,0,0
547,111.52,w,v,0,1,0,0,0,0,0,0,0
548,89.6,t,l,0,0,1,0,0,0,0,0,0
549,105.09,aj,o,0,0,1,0,0,0,0,0,0
550,90.79,z,j,0,0,1,0,0,0,0,0,1
551,90.54,y,w,0,0,1,0,0,0,0,0,0
552,95.92,n,r,0,0,1,0,0,0,0,0,0
553,111.41,ay,a,0,0,1,0,0,0,0,0,0
554,97.3,o,o,0,0,1,0,0,0,0,0,0
555,106.81,x,s,0,0,1,0,0,0,0,0,0
556,92.22,n,a,0,0,1,0,0,0,0,0,0
557,111.04,j,a,0,0,1,0,0,0,0,0,0
558,96.35,h,d,0,0,0,0,0,0,0,0,0
559,98.93,ay,b,0,0,1,0,0,0,0,0,0
560,114.94,x,y,0,0,1,0,0,0,0,0,0
561,89.02,s,m,0,0,1,0,0,0,0,0,0
562,113.07,ak,e,0,0,1,0,0,0,0,0,0
563,107.61,w,q,0,0,1,0,0,0,0,0,0
564,104.73,ak,e,0,0,1,0,0,0,0,0,0
565,80.01,az,f,0,0,1,0,0,0,0,0,0
566,88.6,y,p,0,0,1,0,0,0,0,0,1
567,88.2,f,i,0,0,1,0,0,0,0,0,0
568,115.92,x,s,0,0,1,0,0,0,0,0,0
569,91.2,n,b,0,0,0,0,0,0,0,0,0
570,109.91,x,s,0,0,1,0,0,0,0,0,0
571,94.0,f,i,0,0,1,0,0,0,0,0,0
572,108.23,x,s,0,0,1,0,0,0,0,0,0
573,75.86,az,w,0,0,1,0,0,0,0,0,0
574,95.69,ay,k,0,0,0,0,0,0,0,0,0
575,91.16,t,n,0,0,1,0,0,0,0,0,0
576,95.56,t,n,0,0,1,0,0,0,0,0,0
577,107.54,w,w,0,0,1,0,0,0,0,0,0
578,89.6,z,o,0,0,1,0,0,0,0,0,0
579,101.0,aj,n,0,0,1,0,0,0,0,0,0
580,90.28,t,f,0,0,1,0,0,0,0,0,0
581,108.32,w,m,0,0,1,0,0,0,0,0,0
582,92.29,y,f,0,0,1,0,0,0,0,0,0
583,95.03,t,f,0,0,1,0,0,0,0,0,0
584,114.39,ax,f,0,0,1,0,0,0,0,0,0
585,104.52,b,w,0,0,1,0,0,0,0,0,0
586,126.68,x,o,0,0,1,0,0,0,0,0,0
587,94.56,n,g,0,0,1,0,0,0,0,0,0
588,111.41,ap,t,0,0,1,0,0,0,0,0,0
589,93.81,n,n,0,0,1,0,0,0,0,0,0
590,107.48,x,s,0,0,1,0,0,0,0,0,0
591,73.4,bc,p,0,0,1,0,0,0,0,0,0
592,113.93,w,o,0,0,1,0,0,0,0,0,0
593,111.88,j,i,0,0,0,0,0,0,0,0,0
594,91.56,o,a,0,0,1,0,0,0,0,0,0
595,103.75,h,k,0,0,1,0,0,0,0,0,0
596,90.76,f,i,0,0,1,0,0,0,0,0,0
597,113.33,x,s,0,0,1,0,0,0,0,0,0
598,97.9,t,e,0,0,1,0,0,0,0,0,0
599,108.92,v,a,0,0,1,0,0,0,0,0,0
