age,gender,income,past_purchase,product_a,product_b,product_c,product_d
56,male,49241,3670,0.0,0.0,0.0,0.0
46,female,64569,1753,0.0,0.0,0.0,0.0
32,female,31745,8100,0.0,0.0,1.0,0.0
60,female,46029,1938,0.0,0.0,0.0,0.0
25,male,33025,8562,0.0,0.0,1.0,0.0
38,male,34288,5976,0.0,0.0,0.0,1.0
56,male,26540,6588,0.0,0.0,0.0,1.0
36,male,88878,8616,0.0,0.0,0.0,0.0
40,male,61846,6304,0.0,0.0,0.0,0.0
28,male,95932,7345,0.0,0.0,0.0,0.0
28,male,37482,7875,0.0,0.0,0.0,1.0
41,male,43411,9086,0.0,0.0,0.0,0.0
53,female,70975,6633,0.0,0.0,0.0,1.0
57,female,80545,597,0.0,0.0,0.0,0.0
41,male,98797,3062,0.0,0.0,0.0,0.0
20,male,72307,2336,0.0,0.0,0.0,0.0
39,female,23093,9879,0.0,0.0,0.0,0.0
19,male,97258,572,0.0,0.0,0.0,0.0
41,male,42042,7521,0.0,0.0,0.0,0.0
61,male,72930,6171,0.0,0.0,0.0,0.0
47,female,64413,7097,0.0,0.0,0.0,0.0
55,female,53756,2090,0.0,0.0,0.0,0.0
19,female,73268,6566,0.0,0.0,0.0,0.0
38,female,59214,4624,0.0,0.0,0.0,0.0
50,female,48602,1633,0.0,0.0,0.0,0.0
29,male,73331,1517,0.0,0.0,0.0,0.0
39,female,68901,3648,0.0,0.0,0.0,1.0
61,male,83416,1537,0.0,0.0,0.0,0.0
42,male,52196,3137,0.0,0.0,0.0,0.0
44,female,25626,6985,0.0,0.0,0.0,0.0
59,female,27424,97,0.0,0.0,0.0,0.0
45,male,32857,3750,0.0,0.0,0.0,1.0
33,male,39982,8535,0.0,0.0,1.0,0.0
32,male,96961,8174,0.0,0.0,0.0,0.0
64,female,21980,8103,0.0,0.0,0.0,0.0
61,female,68290,5413,0.0,0.0,0.0,0.0
20,female,46431,4666,0.0,0.0,0.0,0.0
54,female,46385,610,0.0,0.0,0.0,0.0
24,female,58158,1727,0.0,0.0,0.0,0.0
38,male,43019,1854,0.0,0.0,0.0,0.0
26,female,38639,5055,0.0,0.0,0.0,0.0
56,male,41563,2324,0.0,0.0,0.0,1.0
35,male,59341,9369,0.0,1.0,0.0,1.0
21,male,25776,9283,0.0,0.0,0.0,0.0
42,female,56444,5774,0.0,0.0,0.0,1.0
31,female,88916,6519,0.0,0.0,0.0,0.0
26,female,28711,1749,0.0,0.0,0.0,0.0
43,male,94318,781,0.0,0.0,0.0,0.0
19,male,50707,7548,0.0,0.0,0.0,0.0
37,male,59110,6823,1.0,0.0,0.0,1.0
45,male,81788,2105,0.0,0.0,0.0,0.0
64,male,58827,3867,0.0,0.0,0.0,0.0
24,male,25655,7193,0.0,0.0,0.0,0.0
61,female,64859,4976,0.0,0.0,0.0,0.0
25,female,73625,2113,0.0,0.0,0.0,1.0
64,female,72098,5879,0.0,0.0,0.0,0.0
52,female,35251,3970,0.0,0.0,0.0,1.0
31,male,20526,9259,0.0,0.0,0.0,1.0
34,male,88760,7264,0.0,0.0,0.0,0.0
53,female,67837,1577,0.0,0.0,0.0,0.0
57,male,31536,9203,0.0,0.0,0.0,0.0
21,female,48541,2274,0.0,0.0,0.0,0.0
19,female,99083,4869,0.0,0.0,0.0,0.0
23,female,71027,6744,0.0,0.0,0.0,0.0
59,male,54531,2426,0.0,0.0,0.0,1.0
21,female,28712,5546,0.0,0.0,0.0,1.0
46,female,85455,6852,0.0,0.0,0.0,0.0
35,female,94744,2551,0.0,0.0,0.0,0.0
43,male,25109,6411,0.0,0.0,0.0,1.0
61,male,69268,7,0.0,0.0,0.0,0.0
51,female,74615,8087,0.0,0.0,0.0,0.0
27,male,49759,2555,0.0,0.0,0.0,1.0
53,male,80112,475,0.0,0.0,0.0,0.0
31,male,46589,5416,1.0,0.0,0.0,1.0
48,male,50015,8676,0.0,0.0,0.0,0.0
32,male,49009,7239,1.0,0.0,1.0,1.0
25,male,82046,6710,0.0,0.0,0.0,1.0
31,male,46143,5000,0.0,0.0,1.0,1.0
40,male,26154,4654,0.0,0.0,0.0,1.0
57,male,41804,8078,0.0,0.0,0.0,0.0
38,male,61688,6063,1.0,0.0,0.0,0.0
33,female,84288,2285,0.0,0.0,0.0,1.0
62,female,71195,5223,0.0,0.0,0.0,0.0
35,male,40581,6971,0.0,0.0,1.0,0.0
64,female,72648,3525,0.0,0.0,0.0,0.0
41,female,50087,2822,0.0,0.0,0.0,1.0
43,male,69930,4943,0.0,0.0,0.0,1.0
42,male,52981,6530,0.0,0.0,0.0,1.0
62,male,89298,258,0.0,0.0,0.0,0.0
58,female,66167,282,0.0,0.0,0.0,0.0
46,female,95304,1898,0.0,0.0,0.0,0.0
32,male,63408,4135,0.0,0.0,0.0,1.0
62,male,59499,6629,0.0,0.0,0.0,0.0
18,male,72269,3200,0.0,0.0,0.0,0.0
42,female,58559,5110,0.0,0.0,0.0,0.0
24,female,94319,7167,0.0,0.0,0.0,0.0
26,female,68787,612,0.0,0.0,0.0,0.0
41,female,55488,687,0.0,0.0,0.0,0.0
18,male,94441,3690,0.0,0.0,0.0,0.0
61,male,94663,8804,0.0,0.0,0.0,0.0
25,male,42431,2307,0.0,0.0,0.0,1.0
41,male,81681,7133,0.0,0.0,0.0,1.0
28,female,83483,6509,0.0,0.0,0.0,0.0
34,female,69153,9973,0.0,0.0,0.0,0.0
25,male,26368,5906,0.0,0.0,0.0,1.0
52,male,47424,2591,0.0,0.0,0.0,1.0
52,female,65004,7183,0.0,0.0,0.0,1.0
50,male,76985,5248,0.0,0.0,0.0,0.0
22,female,70069,8766,0.0,0.0,0.0,1.0
59,male,72326,5108,0.0,0.0,0.0,0.0
56,male,43398,3604,0.0,0.0,0.0,0.0
58,male,70861,669,0.0,0.0,0.0,0.0
45,male,95897,4364,0.0,0.0,0.0,0.0
24,male,88577,7329,0.0,0.0,0.0,1.0
26,male,85641,1283,0.0,0.0,0.0,0.0
25,male,29078,923,0.0,0.0,0.0,0.0
29,female,45003,1125,0.0,0.0,0.0,0.0
51,female,82768,1529,0.0,0.0,0.0,0.0
50,female,71047,9786,0.0,0.0,0.0,1.0
40,female,91626,8438,0.0,0.0,0.0,0.0
41,female,77660,3711,0.0,0.0,0.0,1.0
54,male,69786,8004,0.0,0.0,0.0,1.0
52,male,21925,9752,0.0,0.0,0.0,0.0
61,female,46015,6274,0.0,0.0,0.0,0.0
57,male,53320,3864,0.0,0.0,0.0,1.0
39,female,84881,7833,0.0,0.0,0.0,0.0
44,female,46289,6788,0.0,0.0,0.0,1.0
52,male,23389,226,0.0,0.0,0.0,0.0
18,male,45683,264,0.0,0.0,0.0,0.0
52,male,33629,9587,0.0,0.0,0.0,1.0
54,female,81550,645,0.0,0.0,0.0,0.0
64,male,44826,7544,0.0,0.0,0.0,0.0
31,female,46630,5569,1.0,0.0,0.0,1.0
20,female,66163,2990,0.0,0.0,0.0,1.0
18,female,86435,2504,0.0,0.0,0.0,1.0
22,male,31653,9346,0.0,0.0,1.0,0.0
43,male,47961,587,0.0,0.0,0.0,0.0
31,female,94137,9177,0.0,0.0,0.0,0.0
56,male,53662,4079,0.0,0.0,0.0,0.0
44,male,76446,3348,0.0,0.0,0.0,0.0
26,male,41288,6299,0.0,0.0,0.0,0.0
32,female,56877,3831,0.0,0.0,1.0,1.0
32,female,35313,9433,0.0,0.0,0.0,1.0
43,male,92715,8381,0.0,0.0,0.0,0.0
59,female,30326,9172,0.0,0.0,0.0,0.0
30,male,21560,9890,0.0,0.0,0.0,1.0
49,male,99148,1715,0.0,0.0,0.0,0.0
56,male,46745,6450,0.0,0.0,0.0,1.0
49,male,51890,5433,0.0,0.0,0.0,0.0
21,female,40022,1098,0.0,0.0,0.0,0.0
47,female,72579,7096,0.0,0.0,0.0,1.0
54,female,90316,2326,0.0,0.0,0.0,0.0
40,male,48380,9087,0.0,0.0,0.0,0.0
56,male,22356,6416,0.0,0.0,0.0,1.0
62,male,90326,6980,0.0,0.0,0.0,0.0
32,female,40049,6763,1.0,0.0,1.0,0.0
60,male,95717,1674,0.0,0.0,0.0,0.0
46,female,36082,7950,0.0,0.0,0.0,0.0
53,female,20661,9122,0.0,0.0,0.0,0.0
30,female,57412,8915,1.0,1.0,0.0,0.0
49,female,22920,6049,0.0,0.0,0.0,0.0
24,female,80315,1089,0.0,0.0,0.0,0.0
39,female,99561,4578,0.0,0.0,0.0,0.0
45,male,28946,9127,0.0,0.0,0.0,0.0
19,male,65500,155,0.0,0.0,0.0,0.0
59,female,36309,9262,0.0,0.0,0.0,1.0
62,female,75230,1958,0.0,0.0,0.0,0.0
23,male,50027,6344,0.0,0.0,1.0,1.0
45,female,92541,5779,0.0,0.0,0.0,0.0
45,female,79321,6144,0.0,0.0,0.0,0.0
61,male,20956,5063,0.0,0.0,0.0,0.0
61,female,94131,3830,0.0,0.0,0.0,0.0
37,female,67908,9046,0.0,0.0,0.0,0.0
47,female,98339,8831,0.0,0.0,0.0,0.0
28,male,45963,9794,0.0,0.0,0.0,0.0
45,male,59443,6659,0.0,0.0,0.0,0.0
42,male,59063,441,0.0,0.0,0.0,0.0
56,female,24703,6040,0.0,0.0,0.0,1.0
50,female,85128,5925,0.0,0.0,0.0,0.0
18,male,92099,7358,0.0,0.0,0.0,0.0
44,female,45849,4628,0.0,0.0,0.0,1.0
30,female,51860,6370,0.0,0.0,1.0,0.0
58,female,51585,9528,0.0,0.0,0.0,1.0
20,female,42015,948,0.0,0.0,0.0,0.0
56,female,97539,8179,0.0,0.0,0.0,0.0
23,male,63585,6115,0.0,0.0,0.0,1.0
25,female,46958,459,0.0,0.0,0.0,0.0
44,male,46017,7568,0.0,0.0,0.0,1.0
26,female,96707,4646,0.0,0.0,0.0,0.0
54,male,65350,392,0.0,0.0,0.0,0.0
50,female,32201,1787,0.0,0.0,0.0,0.0
59,male,49426,7374,0.0,0.0,0.0,1.0
61,female,37778,1138,0.0,0.0,0.0,0.0
41,male,65241,4741,0.0,0.0,0.0,1.0
32,female,62229,7418,0.0,0.0,0.0,0.0
49,male,68364,6362,0.0,0.0,0.0,1.0
49,female,77056,2454,0.0,0.0,0.0,0.0
41,male,47490,9658,0.0,0.0,0.0,0.0
58,male,39975,3674,0.0,0.0,0.0,1.0
29,female,46723,1377,0.0,0.0,0.0,0.0
56,female,43279,6701,0.0,0.0,0.0,1.0
19,male,98301,2597,0.0,0.0,0.0,0.0
20,female,31561,141,0.0,0.0,0.0,0.0
54,male,86061,2659,0.0,0.0,0.0,1.0
34,male,69153,4596,0.0,0.0,0.0,1.0
19,male,53142,9031,0.0,0.0,0.0,1.0
19,female,46916,5661,0.0,0.0,0.0,0.0
45,male,84324,6142,0.0,0.0,0.0,1.0
40,male,64965,5626,0.0,0.0,0.0,0.0
54,female,24648,8787,0.0,0.0,0.0,1.0
49,female,55133,8472,0.0,1.0,0.0,1.0
50,female,70677,423,0.0,0.0,0.0,0.0
18,female,90135,6999,0.0,0.0,0.0,0.0
36,male,55046,4249,0.0,0.0,0.0,1.0
19,male,67064,1750,0.0,0.0,0.0,0.0
61,male,89350,4757,0.0,0.0,0.0,0.0
43,male,65893,1967,0.0,0.0,0.0,0.0
49,female,81272,4088,0.0,0.0,0.0,0.0
23,male,87649,4178,0.0,0.0,0.0,1.0
49,male,84674,7789,0.0,0.0,0.0,1.0
21,female,33760,2946,0.0,0.0,0.0,1.0
28,male,41927,9641,0.0,0.0,1.0,0.0
34,male,81367,5394,0.0,0.0,0.0,0.0
55,male,32588,7880,0.0,0.0,0.0,1.0
41,male,72233,5075,0.0,0.0,0.0,0.0
22,male,64738,7230,0.0,0.0,0.0,1.0
51,male,53397,1531,0.0,0.0,0.0,0.0
23,female,96367,2990,0.0,0.0,0.0,0.0
39,female,91260,7155,0.0,0.0,0.0,0.0
28,male,96619,4493,0.0,0.0,0.0,0.0
33,male,39816,9335,0.0,0.0,0.0,0.0
50,female,62240,933,0.0,0.0,0.0,0.0
26,male,26276,1460,0.0,0.0,0.0,0.0
23,male,99530,2723,0.0,0.0,0.0,0.0
33,male,43499,285,0.0,0.0,0.0,0.0
46,female,91635,264,0.0,0.0,0.0,0.0
20,male,55946,6816,0.0,0.0,0.0,0.0
37,female,75204,1762,0.0,0.0,0.0,0.0
53,male,71886,40,0.0,0.0,0.0,0.0
36,female,91652,5827,0.0,0.0,0.0,0.0
43,female,35563,8259,0.0,0.0,0.0,1.0
20,male,29847,987,0.0,0.0,0.0,0.0
36,female,46155,7804,1.0,0.0,0.0,0.0
37,male,99671,7789,0.0,0.0,0.0,0.0
49,female,87278,5717,0.0,0.0,0.0,0.0
24,male,38309,3198,0.0,0.0,0.0,0.0
58,male,20619,5374,0.0,0.0,0.0,0.0
50,female,70108,4790,0.0,0.0,0.0,0.0
57,male,54707,7183,0.0,0.0,0.0,0.0
56,male,40337,2524,0.0,0.0,0.0,0.0
35,female,86504,9277,0.0,0.0,0.0,0.0
57,male,67614,2479,0.0,0.0,0.0,0.0
18,male,20281,9885,0.0,0.0,0.0,0.0
28,female,47420,5154,1.0,0.0,1.0,1.0
45,female,59030,778,0.0,0.0,0.0,0.0
42,male,21058,9777,0.0,0.0,0.0,1.0
40,male,96260,1492,0.0,0.0,0.0,0.0
48,female,48404,660,0.0,0.0,0.0,0.0
47,female,49856,1348,0.0,0.0,0.0,0.0
59,male,29200,9491,0.0,0.0,0.0,0.0
52,female,84178,7851,0.0,0.0,0.0,1.0
24,male,53997,7156,0.0,0.0,1.0,0.0
33,male,45611,2044,0.0,0.0,0.0,1.0
43,male,61235,7368,0.0,0.0,0.0,1.0
19,male,55057,3516,0.0,0.0,0.0,1.0
18,male,21239,9250,0.0,0.0,0.0,0.0
29,female,85661,9168,0.0,0.0,0.0,1.0
22,female,65272,4577,0.0,0.0,0.0,0.0
54,female,81212,727,0.0,0.0,0.0,0.0
49,female,35398,7468,0.0,0.0,0.0,0.0
26,male,76503,342,0.0,0.0,0.0,0.0
58,male,26638,1447,0.0,0.0,0.0,0.0
52,male,26570,6581,0.0,0.0,0.0,0.0
36,male,88785,6317,0.0,0.0,0.0,0.0
33,female,29110,526,0.0,0.0,0.0,0.0
20,male,99141,6748,0.0,0.0,0.0,0.0
37,male,32115,405,0.0,0.0,0.0,0.0
41,female,59062,7986,0.0,1.0,0.0,0.0
50,female,42911,9765,0.0,0.0,0.0,0.0
41,female,52556,3740,0.0,0.0,0.0,0.0
28,female,98131,1846,0.0,0.0,0.0,0.0
25,male,21969,1478,0.0,0.0,0.0,0.0
53,male,63753,771,0.0,0.0,0.0,0.0
55,female,24470,5525,0.0,0.0,0.0,1.0
57,male,30225,8770,0.0,0.0,0.0,0.0
37,male,43196,193,0.0,0.0,0.0,0.0
52,male,33669,2007,0.0,0.0,0.0,0.0
42,female,57380,1185,0.0,0.0,0.0,0.0
52,male,68320,2394,0.0,0.0,0.0,0.0
42,female,67414,9984,0.0,0.0,0.0,1.0
46,male,35577,9302,0.0,0.0,0.0,0.0
35,male,75409,4005,0.0,0.0,0.0,1.0
63,male,48625,7429,0.0,0.0,0.0,0.0
35,female,44089,2261,0.0,0.0,0.0,0.0
19,male,56487,3736,0.0,0.0,0.0,1.0
52,female,85838,6716,0.0,0.0,0.0,0.0
33,female,70138,4875,0.0,0.0,0.0,0.0
58,female,62823,8921,0.0,0.0,0.0,0.0
53,male,57208,4378,0.0,0.0,0.0,1.0
50,male,74061,7815,0.0,0.0,0.0,1.0
21,male,50659,3451,0.0,0.0,1.0,0.0
50,male,51890,7616,0.0,0.0,0.0,0.0
31,female,99134,9836,0.0,0.0,0.0,0.0
38,female,67055,2800,0.0,0.0,0.0,1.0
37,female,39508,8333,0.0,0.0,0.0,1.0
25,male,62287,5410,0.0,0.0,0.0,0.0
24,female,98916,1455,0.0,0.0,0.0,0.0
20,male,46984,6892,0.0,0.0,1.0,0.0
34,female,28125,5808,0.0,0.0,0.0,0.0
50,male,56059,6796,0.0,0.0,0.0,0.0
29,male,89569,4796,0.0,0.0,0.0,1.0
39,female,37087,5093,0.0,0.0,0.0,0.0
39,female,25704,1325,0.0,0.0,0.0,0.0
63,female,80576,4976,0.0,0.0,0.0,0.0
47,female,93384,9405,0.0,0.0,0.0,0.0
55,male,92460,1159,0.0,0.0,0.0,0.0
55,female,47208,4650,0.0,0.0,0.0,0.0
62,female,86024,4987,0.0,0.0,0.0,0.0
25,female,59882,4697,0.0,0.0,1.0,0.0
44,male,45923,340,0.0,0.0,0.0,0.0
44,male,49165,3828,0.0,0.0,0.0,1.0
51,female,87203,1968,0.0,0.0,0.0,0.0
38,male,24114,703,0.0,0.0,0.0,0.0
47,female,84965,5482,0.0,0.0,0.0,0.0
50,male,56321,6376,0.0,0.0,0.0,0.0
45,male,93297,1800,0.0,0.0,0.0,0.0
64,male,45426,5463,0.0,0.0,0.0,0.0
50,male,37772,4912,0.0,0.0,0.0,1.0
22,female,23712,4648,0.0,0.0,0.0,0.0
36,female,21367,855,0.0,0.0,0.0,0.0
21,female,71924,2866,0.0,0.0,0.0,0.0
52,male,23726,182,0.0,0.0,0.0,0.0
34,female,47723,3112,0.0,0.0,0.0,1.0
61,female,29108,5670,0.0,0.0,0.0,0.0
45,female,97714,4492,0.0,0.0,0.0,0.0
47,male,55643,5823,0.0,0.0,0.0,0.0
46,male,51324,1517,0.0,0.0,0.0,0.0
63,male,28927,5002,0.0,0.0,0.0,0.0
23,female,42443,1356,0.0,0.0,0.0,0.0
52,female,99973,3629,0.0,0.0,0.0,0.0
58,female,83449,3628,0.0,0.0,0.0,0.0
54,male,96743,8210,0.0,0.0,0.0,0.0
41,male,80233,6132,0.0,0.0,0.0,0.0
46,female,45537,9324,0.0,0.0,0.0,1.0
63,male,97576,6588,0.0,0.0,0.0,0.0
48,male,42612,3311,0.0,0.0,0.0,0.0
52,male,26471,6048,0.0,0.0,0.0,1.0
50,male,55631,6246,0.0,0.0,0.0,1.0
38,female,51348,987,0.0,0.0,0.0,0.0
49,male,84732,3321,0.0,0.0,0.0,1.0
40,male,21177,4615,0.0,0.0,0.0,0.0
50,male,24760,8365,0.0,0.0,0.0,1.0
20,male,52779,3741,0.0,0.0,1.0,1.0
35,female,41636,3052,0.0,0.0,0.0,0.0
42,female,73551,6574,0.0,0.0,0.0,0.0
59,male,31556,726,0.0,0.0,0.0,0.0
48,male,47598,3760,0.0,0.0,0.0,1.0
20,male,31563,5806,0.0,0.0,1.0,0.0
57,male,66819,1875,0.0,0.0,0.0,0.0
63,male,93770,6993,0.0,0.0,0.0,0.0
41,male,46966,4033,0.0,0.0,0.0,1.0
49,female,79889,5443,0.0,0.0,0.0,0.0
64,male,46987,989,0.0,0.0,0.0,0.0
39,female,98714,3744,0.0,0.0,0.0,0.0
40,female,78348,8611,0.0,1.0,0.0,0.0
19,male,44596,593,0.0,0.0,0.0,0.0
44,female,53174,1774,0.0,0.0,0.0,0.0
59,female,84106,935,0.0,0.0,0.0,0.0
19,female,89967,3808,0.0,0.0,0.0,1.0
43,female,79182,331,0.0,0.0,0.0,0.0
34,female,59310,7922,0.0,0.0,0.0,1.0
57,female,76088,2702,0.0,0.0,0.0,1.0
50,male,28906,5889,0.0,0.0,0.0,1.0
26,female,56914,5054,0.0,0.0,0.0,1.0
60,female,65379,3868,0.0,0.0,0.0,1.0
56,female,98612,4200,0.0,0.0,0.0,0.0
46,male,57650,201,0.0,0.0,0.0,0.0
59,female,66881,2497,0.0,0.0,0.0,0.0
43,male,66413,1842,0.0,0.0,0.0,0.0
52,female,26012,9101,0.0,0.0,0.0,1.0
42,male,70115,4658,0.0,0.0,0.0,0.0
41,male,27151,7544,0.0,0.0,0.0,1.0
30,female,77716,7718,0.0,0.0,0.0,0.0
24,female,56378,770,0.0,0.0,0.0,0.0
53,male,62652,3155,0.0,0.0,0.0,0.0
62,female,92430,1628,0.0,0.0,0.0,0.0
37,male,33467,386,0.0,0.0,0.0,0.0
18,male,51010,6031,0.0,0.0,0.0,0.0
25,male,74691,6439,0.0,0.0,0.0,1.0
63,male,84157,6401,0.0,0.0,0.0,0.0
33,male,32289,4008,0.0,0.0,0.0,0.0
31,female,64976,2466,0.0,0.0,0.0,0.0
29,male,63596,2282,0.0,0.0,0.0,1.0
40,male,43171,1856,0.0,0.0,0.0,0.0
32,female,64139,7980,1.0,1.0,0.0,0.0
45,male,68713,1998,0.0,0.0,0.0,0.0
51,female,49734,5476,0.0,0.0,0.0,1.0
19,female,92588,9428,0.0,0.0,0.0,0.0
49,female,83646,4669,0.0,0.0,0.0,1.0
40,male,23654,9342,0.0,0.0,0.0,0.0
39,male,38743,4318,0.0,0.0,0.0,1.0
42,male,68368,7064,0.0,0.0,0.0,0.0
39,female,94172,7446,0.0,0.0,0.0,0.0
39,male,26441,1431,0.0,0.0,0.0,0.0
59,female,44611,5624,0.0,0.0,0.0,1.0
23,male,32149,7461,0.0,0.0,1.0,0.0
32,female,79189,1819,0.0,0.0,0.0,0.0
60,male,41675,1130,0.0,0.0,0.0,0.0
54,male,91031,6563,0.0,0.0,0.0,0.0
50,male,62668,2658,0.0,0.0,0.0,0.0
25,female,33673,3500,0.0,0.0,1.0,1.0
61,female,96666,8566,0.0,0.0,0.0,0.0
61,male,85429,2120,0.0,0.0,0.0,0.0
22,male,43669,4020,0.0,0.0,1.0,0.0
56,female,54068,3259,0.0,0.0,0.0,1.0
21,female,29435,1823,0.0,0.0,0.0,0.0
23,female,72249,1474,0.0,0.0,0.0,0.0
62,male,57384,2242,0.0,0.0,0.0,0.0
49,female,96153,3243,0.0,0.0,0.0,0.0
47,male,95388,6990,0.0,0.0,0.0,0.0
64,female,51401,5160,0.0,0.0,0.0,0.0
52,male,91831,3134,0.0,0.0,0.0,0.0
57,female,54084,2070,0.0,0.0,0.0,0.0
33,female,75826,359,0.0,0.0,0.0,0.0
30,female,56451,1141,0.0,0.0,0.0,0.0
59,female,27227,1635,0.0,0.0,0.0,0.0
47,female,51910,4000,0.0,0.0,0.0,1.0
36,male,56041,3361,0.0,0.0,0.0,0.0
34,female,85681,6583,0.0,0.0,0.0,1.0
36,female,85481,7835,0.0,0.0,0.0,0.0
45,female,88576,6,0.0,0.0,0.0,0.0
43,male,84174,3267,0.0,0.0,0.0,1.0
54,female,46160,6564,0.0,0.0,0.0,1.0
43,male,37633,9783,0.0,0.0,0.0,0.0
40,female,37014,4928,0.0,0.0,0.0,1.0
26,female,69104,2606,0.0,0.0,0.0,0.0
29,male,61621,5906,0.0,0.0,0.0,1.0
18,female,97231,3273,0.0,0.0,0.0,0.0
18,male,88388,7611,0.0,0.0,0.0,1.0
64,male,36014,913,0.0,0.0,0.0,0.0
51,female,53755,2011,0.0,0.0,0.0,0.0
49,male,60390,1442,0.0,0.0,0.0,0.0
42,female,43711,5546,0.0,0.0,0.0,1.0
57,female,77993,1829,0.0,0.0,0.0,0.0
62,male,94696,8767,0.0,0.0,0.0,0.0
18,male,47213,6468,0.0,0.0,0.0,0.0
33,male,77784,929,0.0,0.0,0.0,0.0
56,male,27421,3699,0.0,0.0,0.0,0.0
22,female,37727,9655,0.0,0.0,1.0,1.0
39,female,24358,1054,0.0,0.0,0.0,0.0
46,male,85108,5744,0.0,0.0,0.0,0.0
20,female,52117,1900,0.0,0.0,0.0,0.0
29,female,51910,9649,1.0,0.0,0.0,0.0
43,female,75754,6980,0.0,0.0,0.0,0.0
33,female,82438,7069,0.0,0.0,0.0,0.0
54,male,49371,9591,0.0,0.0,0.0,0.0
39,male,71501,3415,0.0,0.0,0.0,1.0
46,female,80946,442,0.0,0.0,0.0,0.0
31,male,58467,6218,1.0,0.0,1.0,1.0
45,male,37625,4652,0.0,0.0,0.0,0.0
22,male,53893,7939,0.0,0.0,1.0,0.0
64,female,96329,7833,0.0,0.0,0.0,0.0
47,female,51007,9370,0.0,1.0,0.0,1.0
63,female,59532,7597,0.0,0.0,0.0,0.0
22,male,74253,4458,0.0,0.0,0.0,0.0
29,female,32323,6591,0.0,0.0,0.0,1.0
33,female,93379,9449,0.0,0.0,0.0,0.0
43,male,34210,2309,0.0,0.0,0.0,1.0
43,female,36456,6268,0.0,0.0,0.0,1.0
38,female,51367,910,0.0,0.0,0.0,0.0
56,male,74624,4340,0.0,0.0,0.0,1.0
53,male,30106,4009,0.0,0.0,0.0,0.0
50,male,88008,6628,0.0,0.0,0.0,1.0
47,female,92240,2169,0.0,0.0,0.0,0.0
54,female,84315,2172,0.0,0.0,0.0,1.0
40,female,89249,5668,0.0,0.0,0.0,0.0
27,male,90587,6313,0.0,0.0,0.0,0.0
22,male,30756,8315,0.0,0.0,1.0,1.0
53,female,88011,8036,0.0,0.0,0.0,1.0
51,female,56378,6789,0.0,0.0,0.0,0.0
48,male,24255,785,0.0,0.0,0.0,0.0
27,male,34484,6139,0.0,0.0,0.0,1.0
36,male,76549,6344,0.0,0.0,0.0,0.0
49,male,54503,2416,0.0,0.0,0.0,1.0
18,female,93794,8988,0.0,0.0,0.0,0.0
22,male,65113,4154,0.0,0.0,0.0,1.0
62,female,94069,5619,0.0,0.0,0.0,0.0
21,female,25249,1936,0.0,0.0,0.0,0.0
33,female,39201,3807,0.0,0.0,0.0,1.0
41,male,78576,7151,0.0,1.0,0.0,1.0
33,male,29686,9493,0.0,0.0,0.0,1.0
19,male,73363,3236,0.0,0.0,0.0,0.0
45,male,20661,2352,0.0,0.0,0.0,1.0
49,female,64843,1932,0.0,0.0,0.0,0.0
44,male,80963,8556,0.0,0.0,0.0,0.0
37,male,62828,4916,0.0,0.0,0.0,1.0
41,female,68604,5498,0.0,0.0,0.0,0.0
29,male,30526,946,0.0,0.0,0.0,0.0
52,female,88910,9569,0.0,0.0,0.0,0.0
50,female,45592,1439,0.0,0.0,0.0,0.0
50,female,48982,7730,0.0,0.0,0.0,0.0
60,female,20207,4857,0.0,0.0,0.0,0.0
54,female,88619,340,0.0,0.0,0.0,0.0
29,female,49328,382,0.0,0.0,0.0,0.0
20,female,66479,9748,0.0,0.0,0.0,0.0
18,female,40103,8491,0.0,0.0,0.0,1.0
50,male,59891,138,0.0,0.0,0.0,0.0
57,male,30754,358,0.0,0.0,0.0,0.0
27,male,92982,4931,0.0,0.0,0.0,0.0
60,male,75922,9714,0.0,0.0,0.0,1.0
61,female,68231,3456,0.0,0.0,0.0,0.0
46,male,49301,1627,0.0,0.0,0.0,0.0
30,female,82711,9495,0.0,0.0,0.0,1.0
29,male,61323,6626,0.0,0.0,0.0,0.0
48,male,38752,5004,0.0,0.0,0.0,1.0
63,male,33395,9326,0.0,0.0,0.0,0.0
19,female,76273,6652,0.0,0.0,0.0,1.0
52,male,24895,6416,0.0,0.0,0.0,1.0
40,female,96559,3170,0.0,0.0,0.0,0.0
34,female,30699,3835,0.0,0.0,1.0,0.0
43,male,85061,8017,0.0,0.0,0.0,1.0
25,male,29715,2151,0.0,0.0,0.0,0.0
46,male,39169,9429,0.0,0.0,0.0,0.0
43,female,36163,6905,0.0,0.0,0.0,0.0
27,male,25782,2834,0.0,0.0,0.0,0.0
43,female,55585,9190,0.0,1.0,0.0,0.0
51,female,50682,2567,0.0,0.0,0.0,0.0
58,male,67864,1307,0.0,0.0,0.0,0.0
24,male,75114,8848,0.0,0.0,0.0,1.0
21,female,58067,2660,0.0,0.0,0.0,1.0
62,female,62685,3730,0.0,0.0,0.0,0.0
28,female,38073,6207,0.0,0.0,0.0,1.0
46,male,56035,3162,0.0,0.0,0.0,1.0
53,female,84977,1140,0.0,0.0,0.0,0.0
42,male,85450,8458,0.0,0.0,0.0,0.0
38,female,30382,1708,0.0,0.0,0.0,0.0
53,female,24437,3630,0.0,0.0,0.0,0.0
27,male,90971,3211,0.0,0.0,0.0,0.0
54,female,84612,6538,0.0,0.0,0.0,0.0
26,male,81929,9702,0.0,0.0,0.0,0.0
41,male,32329,475,0.0,0.0,0.0,0.0
52,female,45169,7684,0.0,0.0,0.0,1.0
52,male,54594,9168,0.0,0.0,0.0,1.0
53,male,96957,1207,0.0,0.0,0.0,0.0
35,female,80631,1960,0.0,0.0,0.0,0.0
56,male,65033,557,0.0,0.0,0.0,0.0
49,male,83133,882,0.0,0.0,0.0,0.0
41,male,93165,4761,0.0,0.0,0.0,0.0
40,female,93861,5867,0.0,0.0,0.0,0.0
49,male,72290,6963,0.0,0.0,0.0,1.0
54,female,51750,7166,0.0,0.0,0.0,0.0
29,female,60461,7929,0.0,0.0,0.0,0.0
30,male,93800,5347,0.0,0.0,0.0,0.0
40,male,98222,7269,0.0,0.0,0.0,0.0
42,male,44226,9802,0.0,0.0,0.0,1.0
52,female,26721,8125,0.0,0.0,0.0,0.0
58,male,76154,2454,0.0,0.0,0.0,1.0
47,male,40609,4494,0.0,0.0,0.0,1.0
34,male,72130,1946,0.0,0.0,0.0,0.0
37,male,92909,2808,0.0,0.0,0.0,0.0
42,male,75249,6642,0.0,0.0,0.0,1.0
39,female,68895,3825,0.0,0.0,0.0,0.0
30,female,25656,3536,0.0,0.0,0.0,1.0
36,male,94520,6068,0.0,0.0,0.0,0.0
53,male,83740,3802,0.0,0.0,0.0,1.0
29,male,84309,4699,0.0,0.0,0.0,0.0
58,male,49984,1970,0.0,0.0,0.0,0.0
36,female,93822,5806,0.0,0.0,0.0,0.0
29,male,25901,6142,0.0,0.0,0.0,1.0
26,female,51552,2819,0.0,0.0,0.0,1.0
24,female,51055,9094,0.0,0.0,1.0,0.0
45,male,57685,364,0.0,0.0,0.0,0.0
31,female,93965,4258,0.0,0.0,0.0,0.0
48,female,34716,3119,0.0,0.0,0.0,0.0
36,female,31138,1863,0.0,0.0,0.0,0.0
64,female,55298,115,0.0,0.0,0.0,0.0
33,male,71112,7084,0.0,1.0,0.0,0.0
22,male,43429,8016,0.0,0.0,0.0,1.0
52,female,70200,2384,0.0,0.0,0.0,1.0
29,male,91308,3935,0.0,0.0,0.0,0.0
42,male,68244,7742,0.0,1.0,0.0,1.0
38,male,37347,5442,0.0,0.0,0.0,0.0
53,male,36920,2490,0.0,0.0,0.0,0.0
40,male,51822,6980,0.0,0.0,0.0,0.0
33,female,66659,9134,0.0,0.0,0.0,1.0
56,male,60108,7661,0.0,0.0,0.0,0.0
62,male,27967,1724,0.0,0.0,0.0,0.0
59,male,31871,8182,0.0,0.0,0.0,0.0
56,male,97452,2767,0.0,0.0,0.0,0.0
31,female,94270,1137,0.0,0.0,0.0,0.0
48,female,53613,4117,0.0,0.0,0.0,0.0
22,female,48179,3420,0.0,0.0,0.0,1.0
52,female,72188,5845,0.0,0.0,0.0,1.0
40,male,75099,4778,0.0,0.0,0.0,0.0
46,female,55262,3906,0.0,0.0,0.0,1.0
60,male,98213,3637,0.0,0.0,0.0,0.0
28,male,38268,2953,0.0,0.0,0.0,0.0
35,male,97866,5929,0.0,0.0,0.0,0.0
64,male,80545,276,0.0,0.0,0.0,0.0
29,male,92146,1999,0.0,0.0,0.0,0.0
26,female,91966,1227,0.0,0.0,0.0,0.0
27,female,59922,6337,1.0,0.0,0.0,0.0
61,female,99364,3735,0.0,0.0,0.0,0.0
34,female,62913,695,0.0,0.0,0.0,0.0
55,male,75677,9501,0.0,0.0,0.0,1.0
24,female,69841,4152,0.0,0.0,0.0,0.0
63,male,66332,7901,0.0,0.0,0.0,0.0
30,female,45032,7470,1.0,0.0,0.0,0.0
57,male,57846,7537,0.0,0.0,0.0,0.0
59,male,79474,2841,0.0,0.0,0.0,0.0
26,female,64936,4208,0.0,0.0,0.0,0.0
44,male,49794,8733,0.0,0.0,0.0,1.0
19,male,81588,1088,0.0,0.0,0.0,0.0
22,female,90984,3363,0.0,0.0,0.0,0.0
46,male,70331,24,0.0,0.0,0.0,0.0
54,female,48141,9764,0.0,0.0,0.0,0.0
55,female,29074,6144,0.0,0.0,0.0,1.0
36,female,26406,5668,0.0,0.0,0.0,0.0
25,male,43291,4236,0.0,0.0,0.0,1.0
62,male,61568,9959,0.0,0.0,0.0,0.0
18,male,66851,8068,0.0,0.0,0.0,1.0
39,female,74823,2235,0.0,0.0,0.0,1.0
34,male,43312,7295,0.0,0.0,1.0,0.0
24,female,63108,8392,0.0,0.0,0.0,1.0
42,female,86918,8448,0.0,0.0,0.0,0.0
62,male,54171,3747,0.0,0.0,0.0,0.0
21,female,61779,3175,0.0,0.0,0.0,0.0
53,male,88828,4897,0.0,0.0,0.0,0.0
23,male,32411,5037,0.0,0.0,0.0,0.0
48,male,77009,7427,0.0,1.0,0.0,1.0
36,male,35422,8605,0.0,0.0,0.0,1.0
61,male,62468,2014,0.0,0.0,0.0,0.0
56,female,52371,1381,0.0,0.0,0.0,0.0
44,female,77022,1098,0.0,0.0,0.0,0.0
27,female,91229,3426,0.0,0.0,0.0,0.0
43,male,71196,3655,0.0,0.0,0.0,1.0
36,male,46715,7938,1.0,0.0,0.0,1.0
56,male,47605,9101,0.0,0.0,0.0,1.0
20,female,51174,187,0.0,0.0,0.0,0.0
62,male,29956,5409,0.0,0.0,0.0,0.0
30,female,96373,2092,0.0,0.0,0.0,0.0
45,female,89252,2130,0.0,0.0,0.0,0.0
37,male,81949,5242,0.0,0.0,0.0,0.0
45,male,82646,8549,0.0,0.0,0.0,1.0
25,female,90017,5647,0.0,0.0,0.0,0.0
58,male,83037,5185,0.0,0.0,0.0,0.0
56,female,26548,5776,0.0,0.0,0.0,1.0
18,male,93294,7913,0.0,0.0,0.0,0.0
20,male,43177,7547,0.0,0.0,0.0,0.0
30,female,44022,7823,0.0,0.0,1.0,1.0
45,male,25542,7355,0.0,0.0,0.0,0.0
42,female,80428,6465,0.0,0.0,0.0,0.0
50,male,42740,1497,0.0,0.0,0.0,0.0
55,female,79353,2555,0.0,0.0,0.0,1.0
23,female,76532,5409,0.0,0.0,0.0,1.0
61,male,36052,2951,0.0,0.0,0.0,0.0
62,female,67076,1238,0.0,0.0,0.0,0.0
49,male,73420,9165,0.0,1.0,0.0,0.0
62,male,20671,4727,0.0,0.0,0.0,0.0
64,male,20163,3965,0.0,0.0,0.0,0.0
38,female,61424,5686,0.0,0.0,0.0,1.0
33,female,73744,9242,0.0,1.0,0.0,1.0
38,male,90331,3701,0.0,0.0,0.0,0.0
28,male,30634,2780,0.0,0.0,0.0,0.0
54,female,24798,7398,0.0,0.0,0.0,0.0
53,male,42420,1588,0.0,0.0,0.0,0.0
52,male,49300,2368,0.0,0.0,0.0,1.0
36,female,30749,5789,0.0,0.0,0.0,0.0
37,male,45121,436,0.0,0.0,0.0,0.0
35,female,57487,2828,0.0,0.0,0.0,1.0
64,male,53361,1556,0.0,0.0,0.0,0.0
58,female,41223,7570,0.0,0.0,0.0,0.0
31,male,92930,7480,0.0,0.0,0.0,0.0
32,male,34056,9496,0.0,0.0,0.0,1.0
48,female,48380,182,0.0,0.0,0.0,0.0
18,male,46035,7190,0.0,0.0,0.0,0.0
20,female,50620,6687,0.0,0.0,0.0,0.0
33,male,39877,5565,0.0,0.0,0.0,0.0
40,female,75316,7241,0.0,0.0,0.0,0.0
28,female,84041,7651,0.0,0.0,0.0,1.0
29,female,73352,5575,0.0,0.0,0.0,0.0
27,female,50911,1589,0.0,0.0,0.0,0.0
49,male,52784,9779,0.0,0.0,0.0,1.0
33,male,23191,8851,0.0,0.0,0.0,1.0
25,female,53160,159,0.0,0.0,0.0,0.0
55,female,84641,6555,0.0,0.0,0.0,0.0
29,female,69723,9203,0.0,0.0,0.0,1.0
41,male,23631,8244,0.0,0.0,0.0,1.0
45,male,26172,6846,0.0,0.0,0.0,0.0
25,male,62080,2307,0.0,0.0,0.0,0.0
45,male,40281,1228,0.0,0.0,0.0,0.0
53,female,48671,7226,0.0,0.0,0.0,0.0
43,female,71431,5590,0.0,0.0,0.0,1.0
25,female,48602,6919,0.0,0.0,1.0,1.0
45,male,71399,5585,0.0,0.0,0.0,0.0
45,male,43472,9227,0.0,0.0,0.0,1.0
54,male,69230,6046,0.0,0.0,0.0,0.0
58,female,93616,4945,0.0,0.0,0.0,0.0
53,female,27099,7927,0.0,0.0,0.0,0.0
44,male,45431,7016,0.0,0.0,0.0,1.0
34,female,76492,7758,0.0,1.0,0.0,0.0
26,male,67684,5086,1.0,0.0,0.0,0.0
50,male,50111,9456,0.0,0.0,0.0,1.0
37,female,83936,7161,0.0,0.0,0.0,1.0
30,male,42614,1884,0.0,0.0,0.0,0.0
45,female,61991,1809,0.0,0.0,0.0,0.0
46,male,90476,3167,0.0,0.0,0.0,0.0
30,female,80920,6352,0.0,0.0,0.0,0.0
63,female,83530,9009,0.0,0.0,0.0,0.0
52,female,56224,6056,0.0,0.0,0.0,1.0
23,male,27788,2437,0.0,0.0,0.0,1.0
35,male,48082,6468,1.0,0.0,0.0,0.0
22,female,96816,9080,0.0,0.0,0.0,0.0
64,female,36531,5951,0.0,0.0,0.0,0.0
42,male,64857,5276,0.0,0.0,0.0,0.0
19,male,30142,8859,0.0,0.0,0.0,0.0
27,male,68355,7818,0.0,0.0,0.0,1.0
47,female,29866,4728,0.0,0.0,0.0,1.0
62,male,90067,2624,0.0,0.0,0.0,0.0
22,male,84027,5738,0.0,0.0,0.0,0.0
50,female,77906,4232,0.0,0.0,0.0,0.0
18,male,48138,5793,0.0,0.0,0.0,0.0
35,male,49956,4523,0.0,0.0,1.0,0.0
49,male,96295,5571,0.0,0.0,0.0,0.0
64,female,25439,9010,0.0,0.0,0.0,0.0
28,female,67241,9298,1.0,0.0,0.0,1.0
38,female,62533,2224,0.0,0.0,0.0,1.0
43,female,48270,8389,0.0,0.0,0.0,0.0
42,female,98815,6091,0.0,0.0,0.0,0.0
39,female,59279,8662,1.0,0.0,0.0,0.0
44,female,43888,6361,0.0,0.0,0.0,1.0
30,male,37630,1948,0.0,0.0,0.0,0.0
50,male,81063,7094,0.0,0.0,0.0,0.0
51,female,55144,6318,0.0,0.0,0.0,1.0
58,male,72161,3796,0.0,0.0,0.0,0.0
52,male,97360,234,0.0,0.0,0.0,0.0
18,female,70979,9120,0.0,0.0,0.0,0.0
38,male,26979,3607,0.0,0.0,0.0,0.0
23,male,46189,8043,0.0,0.0,1.0,1.0
45,male,62600,522,0.0,0.0,0.0,0.0
34,male,79560,5904,0.0,0.0,0.0,1.0
22,male,98040,4888,0.0,0.0,0.0,0.0
48,female,81558,9821,0.0,0.0,0.0,1.0
22,female,26910,5832,0.0,0.0,0.0,1.0
55,female,77713,7122,0.0,0.0,0.0,0.0
20,male,66857,5842,0.0,0.0,0.0,0.0
40,female,54964,1316,0.0,0.0,0.0,0.0
54,male,45227,1124,0.0,0.0,0.0,0.0
54,male,25978,5621,0.0,0.0,0.0,1.0
27,male,37153,5423,0.0,0.0,1.0,0.0
27,male,79765,2587,0.0,0.0,0.0,1.0
36,female,59071,9215,0.0,0.0,0.0,0.0
34,female,89519,5672,0.0,0.0,0.0,0.0
38,male,29503,1378,0.0,0.0,0.0,0.0
31,female,80703,3374,0.0,0.0,0.0,0.0
26,male,84379,1519,0.0,0.0,0.0,0.0
63,female,77866,5777,0.0,0.0,0.0,0.0
18,female,36905,7935,0.0,0.0,0.0,1.0
62,male,65838,6093,0.0,0.0,0.0,0.0
30,female,78279,8418,0.0,0.0,0.0,0.0
21,male,46806,5355,0.0,0.0,0.0,1.0
18,female,65000,4968,0.0,0.0,0.0,0.0
57,male,42168,9083,0.0,0.0,0.0,0.0
49,male,90119,5574,0.0,0.0,0.0,0.0
51,female,58714,4072,0.0,0.0,0.0,1.0
45,female,74093,2257,0.0,0.0,0.0,0.0
48,male,75419,8588,0.0,0.0,0.0,1.0
25,female,69145,4424,0.0,0.0,0.0,1.0
56,female,97425,3237,0.0,0.0,0.0,0.0
43,male,97811,3893,0.0,0.0,0.0,0.0
51,male,22461,2005,0.0,0.0,0.0,1.0
20,female,34291,2016,0.0,0.0,0.0,1.0
29,male,66804,9388,1.0,0.0,0.0,1.0
18,male,96971,1772,0.0,0.0,0.0,0.0
61,male,84946,8353,0.0,0.0,0.0,0.0
22,female,81332,3976,0.0,0.0,0.0,1.0
47,female,97794,1751,0.0,0.0,0.0,0.0
47,male,50841,8967,0.0,0.0,0.0,1.0
34,female,68758,7430,1.0,0.0,0.0,1.0
64,male,96272,7170,0.0,0.0,0.0,0.0
40,female,57643,6469,0.0,0.0,0.0,1.0
32,male,70408,9131,0.0,0.0,0.0,0.0
54,male,63950,3220,0.0,0.0,0.0,0.0
38,female,76849,539,0.0,0.0,0.0,0.0
31,male,48044,1461,0.0,0.0,0.0,0.0
19,female,35997,5184,0.0,0.0,0.0,1.0
28,female,99751,8547,0.0,0.0,0.0,0.0
56,male,43911,234,0.0,0.0,0.0,0.0
55,male,75533,1548,0.0,0.0,0.0,0.0
51,female,34571,7480,0.0,0.0,0.0,0.0
55,male,77941,4213,0.0,0.0,0.0,0.0
51,male,78005,1673,0.0,0.0,0.0,0.0
35,male,78712,6708,0.0,0.0,0.0,1.0
47,male,63541,7982,0.0,1.0,0.0,0.0
32,male,43387,2100,0.0,0.0,0.0,0.0
44,female,68908,3748,0.0,0.0,0.0,1.0
51,female,33057,3173,0.0,0.0,0.0,0.0
55,male,84028,1815,0.0,0.0,0.0,0.0
50,male,75731,3841,0.0,0.0,0.0,0.0
41,male,44858,8016,0.0,0.0,0.0,1.0
32,female,68689,7011,0.0,1.0,0.0,1.0
47,male,64638,4493,0.0,0.0,0.0,1.0
59,female,66486,674,0.0,0.0,0.0,0.0
34,female,40567,8088,1.0,0.0,1.0,1.0
22,female,49739,8578,0.0,0.0,0.0,0.0
46,male,77804,2158,0.0,0.0,0.0,0.0
21,female,23754,2661,0.0,0.0,0.0,1.0
27,male,47044,2064,0.0,0.0,0.0,1.0
34,female,87260,3253,0.0,0.0,0.0,1.0
27,male,86912,4979,0.0,0.0,0.0,0.0
34,female,28706,7703,0.0,0.0,0.0,1.0
37,male,28894,8931,0.0,0.0,0.0,1.0
41,female,38037,1401,0.0,0.0,0.0,0.0
22,male,71612,3259,0.0,0.0,0.0,1.0
51,male,49725,3923,0.0,0.0,0.0,0.0
23,male,25926,4214,0.0,0.0,0.0,1.0
19,male,29496,3227,0.0,0.0,0.0,1.0
30,female,76447,2745,0.0,0.0,0.0,0.0
60,female,49806,6091,0.0,0.0,0.0,1.0
60,male,61321,3866,0.0,0.0,0.0,1.0
28,female,85095,5818,0.0,0.0,0.0,0.0
64,male,42656,2222,0.0,0.0,0.0,0.0
40,male,75147,2792,0.0,0.0,0.0,0.0
33,female,69666,9889,0.0,1.0,0.0,1.0
48,male,58787,4063,0.0,0.0,0.0,1.0
28,male,82946,1524,0.0,0.0,0.0,0.0
33,female,41727,8224,1.0,0.0,1.0,0.0
25,male,88056,6198,0.0,0.0,0.0,0.0
21,male,23081,4025,0.0,0.0,0.0,1.0
57,male,54196,2566,0.0,0.0,0.0,1.0
21,male,56735,2803,0.0,0.0,0.0,0.0
42,female,99578,3709,0.0,0.0,0.0,0.0
20,female,45498,6155,0.0,0.0,1.0,0.0
49,female,96865,719,0.0,0.0,0.0,0.0
20,male,51656,6516,0.0,0.0,0.0,1.0
44,male,87695,4579,0.0,0.0,0.0,1.0
46,female,57900,972,0.0,0.0,0.0,0.0
49,male,67701,3718,0.0,0.0,0.0,0.0
36,male,39033,7395,0.0,0.0,0.0,1.0
38,male,30805,4402,0.0,0.0,0.0,1.0
22,male,55851,4552,0.0,0.0,1.0,0.0
35,female,46832,2207,0.0,0.0,0.0,1.0
45,female,83437,4426,0.0,0.0,0.0,0.0
59,female,33944,6919,0.0,0.0,0.0,0.0
39,male,39873,8835,0.0,0.0,0.0,1.0
38,female,60372,8386,0.0,1.0,0.0,1.0
23,female,35379,8680,0.0,0.0,1.0,0.0
18,male,56751,2204,0.0,0.0,0.0,0.0
22,male,25110,5345,0.0,0.0,0.0,0.0
58,female,74341,3276,0.0,0.0,0.0,1.0
29,female,32087,1102,0.0,0.0,0.0,0.0
43,female,43762,5243,0.0,0.0,0.0,0.0
63,female,29596,6614,0.0,0.0,0.0,0.0
51,male,38313,9433,0.0,0.0,0.0,1.0
31,female,86549,8707,0.0,0.0,0.0,0.0
43,female,43705,5223,0.0,0.0,0.0,1.0
62,male,87364,8584,0.0,0.0,0.0,0.0
44,female,93445,630,0.0,0.0,0.0,0.0
26,male,98645,9171,0.0,0.0,0.0,0.0
43,male,22023,6683,0.0,0.0,0.0,0.0
64,male,79796,277,0.0,0.0,0.0,0.0
39,female,84429,232,0.0,0.0,0.0,0.0
64,female,81627,9744,0.0,0.0,0.0,0.0
47,male,53848,5690,0.0,0.0,0.0,0.0
60,female,57804,7659,0.0,0.0,0.0,0.0
34,female,35379,25,0.0,0.0,0.0,0.0
43,male,79664,7468,0.0,0.0,0.0,1.0
53,male,47766,6410,0.0,0.0,0.0,0.0
18,female,88099,8652,0.0,0.0,0.0,0.0
25,male,56060,3764,0.0,0.0,0.0,1.0
52,female,89122,6599,0.0,0.0,0.0,1.0
32,female,36087,5102,0.0,0.0,1.0,1.0
64,female,68868,7006,0.0,0.0,0.0,0.0
39,female,43225,3483,0.0,0.0,0.0,1.0
31,male,26643,1994,0.0,0.0,0.0,0.0
43,male,56727,8682,0.0,0.0,0.0,1.0
45,male,31005,1072,0.0,0.0,0.0,0.0
40,male,85697,6707,0.0,0.0,0.0,0.0
31,female,36029,215,0.0,0.0,0.0,0.0
41,female,34226,7605,0.0,0.0,0.0,0.0
19,male,83646,9915,0.0,0.0,0.0,1.0
62,female,80603,9784,0.0,0.0,0.0,0.0
43,female,48731,2606,0.0,0.0,0.0,1.0
31,female,88926,8350,0.0,0.0,0.0,0.0
24,male,25997,4781,0.0,0.0,0.0,1.0
20,male,75506,3313,0.0,0.0,0.0,0.0
64,male,98229,9968,0.0,0.0,0.0,0.0
40,female,69815,7763,1.0,1.0,0.0,0.0
63,male,62092,5939,0.0,0.0,0.0,0.0
60,male,82539,2295,0.0,0.0,0.0,1.0
64,male,86077,5685,0.0,0.0,0.0,0.0
62,male,41817,1696,0.0,0.0,0.0,0.0
35,male,57861,1946,0.0,0.0,0.0,0.0
55,male,33428,2783,0.0,0.0,0.0,0.0
52,female,63934,3644,0.0,0.0,0.0,1.0
32,female,30258,5241,0.0,0.0,1.0,0.0
42,male,77775,6420,0.0,0.0,0.0,0.0
54,male,25469,7557,0.0,0.0,0.0,1.0
45,female,48854,2645,0.0,0.0,0.0,0.0
27,female,26256,6589,0.0,0.0,0.0,0.0
56,male,96256,6353,0.0,0.0,0.0,0.0
34,male,53937,1932,0.0,0.0,0.0,0.0
56,male,21651,1757,0.0,0.0,0.0,0.0
39,male,70288,5085,0.0,0.0,0.0,0.0
43,female,45051,5637,0.0,0.0,0.0,0.0
61,male,47386,1116,0.0,0.0,0.0,0.0
42,male,95054,492,0.0,0.0,0.0,0.0
34,male,36184,8811,0.0,0.0,0.0,0.0
30,male,53787,7888,1.0,0.0,0.0,0.0
37,female,41621,6474,0.0,0.0,0.0,1.0
42,female,95564,9738,0.0,0.0,0.0,0.0
21,female,97984,4958,0.0,0.0,0.0,0.0
27,male,79792,9797,0.0,0.0,0.0,1.0
20,male,65253,9467,0.0,0.0,0.0,1.0
58,female,54051,2743,0.0,0.0,0.0,0.0
62,male,69811,7866,0.0,0.0,0.0,0.0
35,male,50447,7160,1.0,0.0,0.0,1.0
64,female,50254,5451,0.0,0.0,0.0,0.0
53,female,77418,5258,0.0,0.0,0.0,0.0
64,female,34472,8548,0.0,0.0,0.0,0.0
39,female,23471,7186,0.0,0.0,0.0,0.0
51,male,28329,6102,0.0,0.0,0.0,0.0
64,male,54865,9061,0.0,0.0,0.0,0.0
25,female,66850,9077,1.0,0.0,0.0,0.0
57,male,74220,9475,0.0,0.0,0.0,1.0
61,female,26397,619,0.0,0.0,0.0,0.0
36,female,55525,882,0.0,0.0,0.0,0.0
59,male,73072,8988,0.0,0.0,0.0,1.0
58,female,43284,3642,0.0,0.0,0.0,0.0
54,male,81330,1296,0.0,0.0,0.0,0.0
23,male,45122,8436,0.0,0.0,0.0,1.0
43,male,90553,2895,0.0,0.0,0.0,0.0
51,male,82812,6593,0.0,0.0,0.0,1.0
62,female,27999,929,0.0,0.0,0.0,0.0
23,male,42436,5366,0.0,0.0,0.0,1.0
54,female,62963,8711,0.0,0.0,0.0,1.0
50,female,22096,3212,0.0,0.0,0.0,0.0
39,female,45279,2409,0.0,0.0,0.0,1.0
38,female,46201,8199,0.0,0.0,0.0,0.0
23,male,39715,3423,0.0,0.0,0.0,1.0
23,male,49309,6976,0.0,0.0,0.0,1.0
21,female,35078,7594,0.0,0.0,1.0,1.0
47,female,76614,5158,0.0,0.0,0.0,0.0
28,male,25105,3667,0.0,0.0,0.0,0.0
47,female,22839,5973,0.0,0.0,0.0,0.0
48,male,88920,6236,0.0,0.0,0.0,1.0
41,female,63619,8277,0.0,0.0,0.0,1.0
26,male,62821,2468,0.0,0.0,0.0,1.0
20,female,33493,6217,0.0,0.0,1.0,1.0
48,female,37069,3619,0.0,0.0,0.0,0.0
57,male,27531,1636,0.0,0.0,0.0,0.0
54,female,57051,8155,0.0,0.0,0.0,0.0
53,female,27736,3583,0.0,0.0,0.0,1.0
41,male,27710,4009,0.0,0.0,0.0,0.0
48,female,87155,3326,0.0,0.0,0.0,0.0
23,male,33975,8148,0.0,0.0,1.0,1.0
19,male,82424,2217,0.0,0.0,0.0,1.0
37,female,65603,4967,0.0,0.0,0.0,0.0
45,female,43252,2369,0.0,0.0,0.0,1.0
28,female,21431,3638,0.0,0.0,0.0,1.0
21,female,94603,9135,0.0,0.0,0.0,0.0
32,female,57481,5722,0.0,0.0,1.0,0.0
23,female,29557,4444,0.0,0.0,0.0,0.0
47,female,94971,7618,0.0,0.0,0.0,0.0
55,male,20162,3947,0.0,0.0,0.0,1.0
19,female,54742,1676,0.0,0.0,0.0,0.0
32,male,39675,1196,0.0,0.0,0.0,0.0
28,female,93997,2787,0.0,0.0,0.0,0.0
25,female,37015,7432,0.0,0.0,0.0,1.0
43,male,70057,9653,0.0,0.0,0.0,0.0
62,female,52591,7927,0.0,0.0,0.0,0.0
61,female,29833,3318,0.0,0.0,0.0,0.0
22,male,27896,8858,0.0,0.0,0.0,0.0
23,female,52972,6689,0.0,0.0,0.0,1.0
43,female,69733,2176,0.0,0.0,0.0,0.0
21,female,61800,3743,0.0,0.0,0.0,0.0
36,male,25347,8792,0.0,0.0,0.0,1.0
37,female,79063,4422,0.0,0.0,0.0,0.0
50,female,22643,3824,0.0,0.0,0.0,0.0
37,female,60785,9171,1.0,1.0,0.0,0.0
29,female,38681,2451,0.0,0.0,0.0,0.0
64,male,70026,628,0.0,0.0,0.0,0.0
18,male,35892,9821,0.0,0.0,0.0,0.0
43,female,67299,7778,0.0,1.0,0.0,1.0
31,female,37073,3696,0.0,0.0,1.0,0.0
55,male,50682,3674,0.0,0.0,0.0,1.0
54,male,34289,3929,0.0,0.0,0.0,0.0
28,female,27927,2765,0.0,0.0,0.0,1.0
53,male,68330,4369,0.0,0.0,0.0,0.0
30,female,86707,8307,0.0,0.0,0.0,1.0
60,male,97454,4956,0.0,0.0,0.0,0.0
20,male,85428,692,0.0,0.0,0.0,0.0
50,male,70601,3162,0.0,0.0,0.0,1.0
23,male,97465,1105,0.0,0.0,0.0,0.0
27,female,22539,3008,0.0,0.0,0.0,0.0
22,male,42669,2161,0.0,0.0,0.0,0.0
40,male,90968,8345,0.0,0.0,0.0,0.0
27,female,40644,3699,0.0,0.0,1.0,0.0
61,male,38745,3786,0.0,0.0,0.0,0.0
19,male,48228,9256,0.0,0.0,0.0,0.0
